text,label
붙이고 나서 샤워후 한쪽이 바로 떨어졌네요...,0
가격 저렴한만큼 그만큼하는 상품이네요~그래도 한동안 머리끈걱정은 없겠어요,0
쓸만하네요 잘쓸게요~,1
신선하고 껍질 깨진것도 많이 없는데 양이 적은거 같아요,1
한달에 생수 사먹으면 돈이 너무들어 브리타 애용하고있습니다.이번에 살때 저렴하게 잘샀고 저는 다 괜찮은거같아서 잘쓰고있습니다.,1
재구매의사 100프로입니다 ㅎ,1
너무 예뻐요~^^ 불빛도 되게 환해요ㅎㅎ,1
상품좋아요 쓰기편해요 추천,0
늘 거의 매달 구매하는 제품인듯 해요. 다른 마스크팩은 피부가 민감해서..이걸 쓰면 얼굴에 난게 확 가라앉지는 않지만 진정되는건 확실히 느껴져서 정말 심한 날에 쓰고 있습니다.,1
부모님이 약간싱겁다하시네요,0
풀스톤할땨 쓰려구 구매했어용,1
상판이 최악..책상으로 쓰려고 삿는데 허술해서 원..,0
귀엽고 따뜻해보여서 정말 좋네요!!,1
재구매 여기서 쭉 먹이는데 매달 조금씩 가격이 오르네요 . 딴데를 찾아보던지해야겠어요. 기분이 별로~,0
애기 차량 커튼이 필요했는데 자석이라 붙이기도쉽고 암막기능 잘됩니다,1
고기가 질이 별로였어요. 맛은 그저 그랬네요,0
스몰사이지는 후기처럼 작았지만 넘이뻐요,1
잘 받았습니다. 만족스럽습니다.,1
"알라딘 매직행거 130개,바지걸이 주문했는데 그중 옷걸자마자 고리부분이 빠져버리는 불량 6개! 견고,튼튼한거 찾으시는분은 참고하세요",0
몇개 안올렸는데 우당탕 떨어졌어요... 생각보다 튼튼하진 않네요,0
그냥 그래요 별로에요,0
설치하기 편합니다~~~,1
정품 맞나요? 이어폰쓰고 전화하는데 상대방에게 지지직거리는 소리가 자꾸 들린다네요 정말 돈 아깝습니다,0
음 색은 이쁜데 생각보다 튼튼하진 않아요,0
그냥 그렇네요.샀으니까 씁니다.,0
슬림하게 깔끔한 디자인으로 맘에 쏙 들어요,1
배선 깔기가 힘들었지 잘되니 좋아요!,1
배송도 빠르고 피아노가 너무 좋아용,1
1주일 넘게 걸리는 배송입니다;;; 미국에서 주문한것 보다 늦게 그것도 엄청 늦게 배송사고난줄알았어요,0
배송비제대로 기입해주세여,0
매일매일 꾸준히 돌리고있는중인데 뱃살이조금씩빠지네요!옆구리도 탄탄하니 근육이 생겨서 대만족입니다 훌라후프최고예요!,1
저에게는 넘 커요 그리고 검은색이라 한번 빨았는데 먼지가 붙네요 그럭저럭 집에서 or 이너로 입어야 할 듯 ( 저는 44-55에요 free 사이즈 구매한 재 잘못이겠죠),0
한달만에 세탁하니 보풀 일어나고 아주 난리네요,0
장시간 펼치고 접을때 접히는부분이 탄성이 죽어서인지 제대로 안접히고 구겨지네요ㅠㅠ,0
편하고 부두럽고 좋아요,1
예쁜데 4살 꼬맹이가 한번하고 안하네요,0
길이도 길고 아주 만족스러워요,1
모기를 잡긴 잡기나 하나요?택배 받은 날부터 5일 사용 했지만 모기는 커녕 하루살이 한마리도 못 잡는데 어떻게 잡는다는 건지 tv광고는 장난 아니던데 다 거짓인가요?광고 보고 샀더니 대 실망이네요.,0
두번다시구매안할품질임.,0
사이즈가 크고 생각보다 편하지 않네요 오늘 츄리닝 입고 입었는데도 말려올라가서 계속불편하고 한번 세탁했는데 더 커진거같아요ㅡㅡ할머니 속옷같은 ᆢ이걸 어찌해야ㅜㅜ,0
알콜 냄새가 납니다... 매장에서 산거랑 향이 틀려요...ㅠㅠ 첫향이 알콜냄새가 납니다..ㅠㅠ,0
재구매 카멜브라운 너무 좋아요. 느낌도 좋지만 색감때문에 더 좋네요.,1
배송도 빠르고 좋네요~ 프리미엄쓰고나서는 다른건 못쓰겠어요,1
제가 던져본 싱커중에 가장 좋았어요.,1
항상 구매하는곳이에요~,1
다른 옷걸이랑 같이주문했는데 두께가 아주 미세하게 차이나는데 가격은 두배네요 사이즈를 잘보고 시켜야할것같아요,0
회사에서 망가져 새로 주문했는데 잘쓰겠습니다.,1
첫 세탁시 올이 너무 풀려서 ㅠㅠㅠ 그거말곤 괜찮았는데.. 아이가 물고 빨고 하는거라 올리 풀리니 안좋긴하네요 ㅠ,0
고맙습니다.잘쓰께요...,1
싸기는 한데 꼭지도 안떼어져 있고 알도 작고 마른것두 많네요 그리구 잎사귀는 골라서 냉동 했으면 좋았을듯 하네요 시킨거니깐 먹을때마다 꼭지 다 떼고 골라서 먹는데 다신 안시킬거예요,0
잘 쓰겠습니다. 배송이 빠르면 좋겠습니다.,0
재구매 개봉전이에요 택배는잘받았어요,1
잘전달되었어요감사합니다,1
편하고 좋아요 배송도 빠르구뇨,1
재구매 두번째재구매입니다. 가족들이다잘먹어요.,1
매번 먹어도 질리지도 너무 달지도 않아좋습니다,1
유리라고 해서 구매했어요... 근데 잔 기스가 있네요... 보고 살짝 실망했네요.. 3개중 2개나.. 반품하기 귀찮아서 그냥 사용합니다.. 잘 보고 보내셔야 할듯 싶어요...,0
배송 너무 늦네요...,0
홈웨어로 샀는데 편하게 입을것같아요,1
어쩜 이리 예쁘죠 향도 너무.은은하고 좋아요 두개샀는데 맘에 듭니다 분위기 업이에요 리필은.어떻게 구매하면 될까요 향이 둘다 맘에 들어서 담에 리필 구매하고 싶어요 ㅎㅎ,1
좋아요 양많아서 붙히기편해쇼,1
진짜좋아요 배송도 엄청빠르고,1
저렴한가격이라 구매했어요 기스도많고 그런데 잘쓸께요,0
맛있게 먹었습니다. 그런데 2마리는 몸통 살이 텅텅 비었네요 . 톱밥포장하면 다리 떨어진다고 해서 얼음 포장 시켰는데 다리가 많이 떨어져서 찌니깐 게 내장도 많이 빠지네요.,0
배송도 빠르고 제품도 하자 없이 왔어요 다른 곳보다 저렴하게 고퀄리티 제품을 받아볼 수 있었네요.,1
배송도 느리고 락스냄새가 너무심해요 머리아플정도 ㅜㅜ 효과도 미비하구요,0
가성비 괜찮고 이뿌네요,1
좋아요 그냥좋앙요 너무좋아요,1
배송 짱 느려요 주문하고 3주만에 받았어요 캠핑갈때 쓰려고 주문했는데 못 썼네요,0
생각보다 잘 모르겠어요,0
차에하려고 구매했는데 차 시트와 크기가 잘 맞지않아 불편해서 책상의자에 설치했습니다,1
사이즈가 너무 크게 나와서요,0
배송 빨랐고~ 상품 맘에 들었고~,1
진짜 소음도 안나고 좋아요,1
용량이 작아서 업그레이드 해줬네요 조립컴썼는데 업그레이드한다고 열어봤는데 듣보잡 ssd가ㅜ 삼성꺼라 믿음이 가네요,1
맛있어요 ㅋㅋ 싸게사서 좋아요!!!,1
"5,6번줄이 왜이리 헐렁한지 불량품같네요",0
배송에 2주걸렸네요,1
재질이 별로 입니다.. 가격대비 불만족입니다..,0
가성비짱짱 또 시킬래요,1
생각보다 별로 입니다 너무 허접 해용,0
줄이 얇아서 금방 떨어질수도 있겠다고 생각하고 착용했는데 왠걸 아주 멀쩡하네요 ㅎㅎ 반짝임은 좀 덜해진거 같긴한데 뭐 이정도 가격에 만족합니다~^^,1
색이조금어두운거같아요,0
에센스인데도 바르고나면 더 건조함과 당김이 느껴져서 별로 추천하고 싶지않네요.,0
뚜껑이 제대로 닫힌게 인식돼야 작동되기때문에 뚜껑 인식이 안되면 그냥 못쓰는거에요 존나 주먹으로 내려 쳐서 뚜껑 닫아도 안닫혔다고 안갈리는데ㅋ..,0
배송이 느려요. 느려서 다른제품 구매했네요.,0
한번 사용해봤는데 약해요,0
리모컨에 밝기조절까지. 설치도 쉬워요~,1
음...비추..비추 이거 사이즈 뭐지? 크다 만..,0
싸서 항상 여러개 사놓고 쓰는데 너무 좋습니다. 기존에 썼던것보다도 더 좋은것 같구 차운전시 쾌적함을 느낍니다,1
포장상태 너무 화납니다. 완전 밀봉도 아니고 그냥 비닐로 한번 감겨있는데 그마저도 노출되있네요 포장보고 마음같아선 환불이나 반품하고 싶은데 뭐 떡 1키로 그냥 써야죠 사실분들 참고하세요,0
항상아주만족합니당♥,1
컬쳐랜드 모바일 문화상품권 1만원권 평소보다 배송속도가 많이 느립니다,0
싸게5개잘주고삿어요 배송비없을때살려다가못사구ㅜㅜ,1
Q사이즈를 주면 했는데 한쪽에 박음질 했어요,0
몇번쓰고 방치햇어요 효과를 전혀 모르겟어요 ㅜㅜ,0
3일짜리 유심이 마지막날 먹통... 주말이라 상담원 부재.. 대략난감 결국 비싼 로밍 했지요 ㅠㅠ,0
복용하면 즉시 화장실로 고~ㅠㅠ 완죤 물설사 짐 끊엇구 안먹어요~~ㅠㅠ 넘커서 목에 자꾸 걸려염~~ㅠㅠ,1
포장이 조금 성의없이 느껴지지만 파손없이 잘왔네요 장을 안봐서 아직 만들어보진 못했지만 도전해보려구요 잘산 것 같아용,1
좋네요 좋네요 좋네요 일회용입니다 완전 ㅠㅠ,0
기존에 사용하는것 보다 약해보여요. 나무가 너무 약해보여요,0
해먹지를 못해ㅛ네요,1
배송 3주는 걸린것같아요 요가복은 예뻐요,0
조여주는게아니고 그냥별로,0
4종 셋트 신생아 아기 손톱깍기 구매했어요~ 친구가 이 제품 쓴다길래 ㅎㅎ 아직 사용 해보진 않았지만 괜찮아 보여요,1
비추입니다 제품도 듣보잡보다 낫다 싶은 부분 없구요 무엇보다도 고객센터 응대가 아주 실망스럽네요 상품후기 봤지만 이 정도일줄은... 덕분에 다시는 동서가구 제품은 구매 안하려고 합니다 리뷰 쓰는 시간도 아깝지만... 0점은 선택이 안 되어 1점입니다,0
거품이 안나도너무안나서 재구입생각은없어요,0
개인적일 수 있지만 정사이즈보다 조금 작은것 같습니다. 면은 좋습니다.,0
장착하려다 너무 어려워 포기,0
이상해요 붙였을때 매끄럽지 않네요,0
재구매 재생력 좋아요. 피부에 잘맞고 최고용,1
찌그러져서 도착했습니다 빨리 설치를 해야할상황이라 어쩔수없이 달긴했는데요 이건아닌것같네요,0
즉당하게 잘뮥곳투ㅜ슈류 ㅎㅎ,1
편하다고 해서 샀는데 너무 불편해서 한 십분 하다가 옷장행이에요,0
모유 저장팩으로 샀는데 아주 좋아요~ 양도 적당하고 이지컷으로 샀는데 용량이 아주 맘에 듭니다 많지도 적지도 않아요~,1
가성비 굿 싸고좋아요,1
아주 좋아요^^+< 추천,1
재구매 밥도둑이에여. 입맛 없는 저에게 식욕선물을 주셨어요. 감사합니다 엄지척 !!!,1
두께감도있어서땀많이나는남편이좋다네용ㅋㅋ,1
불량이었는데 먗일 불량신청 늦었다고 배송비 내고 구매하라고 해서 그냥 안쓰고 잇어오.,0
들고다니려니 너무커여...,1
랍비 모자 같아요.ㅠ.ㅠ,0
처음보다질이떨어지네요 속상+분노,0
구성이 너무 좋네요^^ 감사합니다!!,1
"이뻤는데 생각했던 슬립온이 아니었어요.... 괜히 슬입온으로 해가지고,,,, 발사이즈는 맞는데 신을때 신축성1도 없어서 안늘어나니 발등이 힘드네요.... 반품도 안해주겠지...",0
한달동안 입고 난 후기는 우선 세탁할때마다 옷이 줄어듭니다 첨엔 넉넉했는데 점점 스키니 옷이 되네요 참고하세요,0
배송은 빠르고 병도 이쁜데... 배송도 빠르고 병도 이쁜데 향은 정말 망 ㅠㅠ 남자스킨향 같아요 진짜 생각지도 못했던 향이라....ㅠㅠㅠ,0
테스트를 한번도 하지 못해서 잘모르겠다,0
항상 구매해서 먹습니다~,1
조립이 간편하고 예뻐요,1
좋아요 사은품으로 온것도 이쁘네요,1
이거 보푸라기 너무 심해요.. 진짜 생에 보푸라기 일어나는 이불 본적도없는데 평점이 잘못된건지 보푸라기 땜에 이불 촉감 정말 안좋아졌어요,0
흰강낭콩은 오래 됐는지...콩껍데기는 쭈굴쭈굴쭈굴하게 운게 엄청 많구 밥하면 딱딱하구 그러네여,0
동물의 숲 최고에요!!!!!,1
재구매 항상 주문. 6살아이 혼자서도 잘 꺼내먹어요.,1
김치는 이곳에서 시켜 먹어요 빨리오고 제일 제입맛에 맞아요,1
눈에 잘 안맞아 잘사용안함,0
사이즈가 넉넉하고 편해서 좋아요.,1
너무 예쁘고 크기도 넉넉해용! 배송도 빠르게오고~ 제품도 문제없이 잘왔어용!! 크기도 딱좋고 너무 예뻐요 ㅎㅎ 폼피츠 6-7키로되는데 넉넉하니 사이즈도 짱좋아용!,1
"구매기록 보니까 47일 사용했네요. 47일만에 저렇게 아작났습니다... 업체에 연락해보니 1달 넘어가면 무상 A/S가 안된다고 하네요... 가성비 좋다고 생각하고 구입했었는데, 앞으론 돈 더 주고 튼튼한걸로 구입해야겠습니다.",0
포장이 너무 깔끔하고 맛도 너무 좋아요!,1
제가 제일 !!! 기다리던 색인데 ㅜ 스톤이 깨져서 왔어요 진짜 너무해요 따로 교환 신청 해야하나요???1개만 할순 없잖아요 ㅠ 그래도 색은 영롱하고 이뻐요,0
10개구입해먹어보고 60개구입햇는데 저번보다 묽어진 느낌? 소용량구입해서 비교해보고싶네요,0
구매하실때 참고하세요. 브라운은 기존 스니커즈보다 약간 작은 싸이즈. 같은 265로 구입했는데 디자인에 따라 크기가 다릅니다.,0
배송부터가 너무 오래걸리고 불편하네요,0
"재구매 이거 비싸서 다신 안사려고 했는데, 쓰다 중독됐어요ㅜㅜ 글구 이거 너무 빡빡문지르면 얼굴 빨갛게 올라오구 난리나니 좋다고 너무 문지르지마세요ㅎㅎ",1
"시댁에 반찬 담아다 드리려 주문했는데 대만족!! 투명도 좋고 꽤 탄탄해요 흐느적대는 일회용기수준이 아니네요 750,520 두사이즈 모두 여러용도로 잘 쓰이겠어요^^ 뚜껑도 밀폐 잘되고 돔형이어서 내용물 넉넉히 담기며 용기끼리 쌓기 좋은 형태입니다",1
사이즈가 작고 소재가 별로,0
사계절용이라 그런지 색상이 좀 별로네요..배송오래기다려받을만한 제품은 아닌듯 딱 가격만큼 집에서 입어야겠네요,0
뚜껑닫고 물넣어 뒤집어 놓으면 물 줄줄 흘러내립니다 밀폐용기 아닙니다,0
너무작아서 쓰지도 못하네요. A형사이즈가 제일 좋은거같습니다.,0
냄새가 거의 나지 않고 남자아이라 너무 쫙펴면 어색할것 같아 시간을 조금 줄여서 하고 매직기로도 살짝 폈는데 만족합니다.,1
헐..얼음물과 아이스팩을 5개나 넣었는데 안시원ㅠㅠ그냥 플라스틱 통이네요...사용해서 반품도 못하고ㅠㅠ,0
두번 착용 후 또 잃어버렸어요 이번엔 떨어지는 느낌도 안났어요 ㅠㅠ,0
싼게비지떡이랍니다~~,0
만원대에서 샀는데 갑자기 비싸짐,0
"선물하려고 구매했는데 받으신분이 단맛도 별로고, 덜 익은거 같다고 하시네요 ..믿고 구매했는데..선물보낸 제가 민망하네여;;",0
불기가 너무힘드네요 좀 빡빡한 느낌요,0
개별로 스위치가 있는줄알았는데 없지만 그래도좋네요,1
자크가 별로에요.반품하기가 번거러워서 그냥 입어요.,0
재구매 제입맛에는식감이 별로네요ㅜㅜ 3팹이나삿는데 어떻게처리할지ㅜㅜ,0
허술하게 감아놓아서 부피만 크지 너무 빨리 사라집니다. 이럴바엔 이마트 행사상품이 가성비가 더 좋을 것 같네요,0
재구매 아이들이 잘먹어 금새 다 먹었어용 다른 사이즈도 구입해볼까해요,1
작은아이들이쓰기좋아요,1
깔끔하게 정리되고 좋아용^^,1
탄성이 조금 적은데 그래도 가성비 괜찮아요 운동 열심히 할께요,1
배송너무 느립니다. 상품은 보는것과 같은데... 구매한지 꽤 됐는데... 배송이 거의 한달만에 왔었어요... 배송업체를 바꾸셔야 할듯하네요... 많이 파세요,0
두피스케일링 2+1인줄 알고 구입했지만 1병만 와서 실망을 했구요. 사용 후 효과는 잘 모르겠습니다,0
댓글에서 냄새가 많이 난다고 해서 조금 나겠지 했는데 이건 뭐 말을 못 할 정도로 많이 나네요 이번 여름에 못 쓸것 같네요 추천하고 싶은 물건은 아니네요 냄새가 너무 많이 나서 못 쓸것 같네요,0
어머니가 드시는데 냄세가 느껴지고 식욕이 떨어진다고하네요,0
재구매 맛있어요 비싸서 아껴 먹음,1
배송이 되게 늦었어요.. 구성품도 다 똑같고; 진짜 아오..,0
생각한것보다 부드럽진 않지만 천연소재라서 믿고 사용합니다,1
제 피부엔 너무 자극적이었어요.. 안그래도 민감성 피부인데 더 민감해졌어요..,0
끼는게 너무 불편하네요 그부분 빼곤 괜찮아요ㅐ,0
"사이즈, 색상 모두 올바르게 도착했네요. 좋습니다.",1
목이아파서 목침 찾다가 샀는데 잘산거같아요! 머리가 목보다 낮아지니까 원하던 자세로 잘수있습니다,1
나름 상품평 확인하고 구매하는데 ㅡㅡ 대박 ~ 뭔가요? 맛이 다르다고해도 이건 평균아닌데 ~,0
내가 만들어 써도 이것보단낫겠다,0
책상은 나사가 2개 없는 6개만 왔고.. 서랍은 2개정도가 찌그려져서 왔습니다. 특히 가장 밑 서랍은 들어갈정도로 찌그려저서 수리나 교환 부탁드립니다 ㅠㅠ,0
벽에 고정안되고 자꾸 떨어지구요~ㅠ 모르고 문닫으면 힘없이 떨어져요~,0
꼬리쪽이라 별로에요 택배기사도 마음대로 경비실로 맞기고 가고,0
거울 느낌보다는 그냥 아크릴?? 그런 느낌이네요 별로에요~,0
재구매 일단 공복감리 그덜하고요 질리지않는 오고맛이 좋네여,1
일단 맛있어요 접때구매해서 먹어보니 시켜먹을 필요가 없드라구요 많이파세요,1
모기 모기퇴치제 구입 마트보다 훨씬싸게 구입했습니다. 냄새도 안나고 흐르지않아서 편하게 사용중이예요,1
잘받앗습니다 배송도빠른편이엿어요,0
매우작아요,0
고정도 잘 안되고 실용적이지 않네요. 저한테는 안맞아요,0
상품자체는 좋습니다. 다만 브론즈 컬러를 주문했는데 블랙으로 보내주셨네요... 다시 보내고 받고 귀찮아서 그냥 쓸게요ㅠ,0
저렴하니 가성비 좋 습니다,1
저렴하고 빠르게 잘 받았어요 상품좋네요,1
아/////별로에요....차라리 계기판쪽으로 거꾸로 달수있었으면 더 혁신이였을듯....,0
먹기에 부담스럽지얺고 아주 좋네요 열심히 운동하고 먹어보겠습니다,1
반은부러져서 왓어요 첨엔 비급 모아서 보낸줄 알았네요... 열어보고 기분좋진않음,0
배송도 너무너무 빠르고 가격도 너무너무 착합니다.,1
유명하다고해서 구매햇어요,1
핸드크림처럼 향도 좋고 촉촉하네요^^,1
만족합니다 . 바를때 촉촉해서 좋아요,1
라이트 그린을 주문했는데 그냥 그린이 왔네요.... 하나만 다른거 와서 그냥 쓸께요..다음에 확인해주시고 보내주세요.,0
보이는거보다별로임,0
절반은 잘린 것이 왔어요. 갈아 먹을거라 좀 저렴한 걸 선택했는데 작은 게 올거라고 생각했지 이렇게 절단돼 마른게 올 줄이야. 여기서 주문한 걸 후회합니다.,0
"재구매 어쩜 이런걸 보내주시나요? 게다리는 다 떨어지고 신선하지도않고ㅜ 내장상태도 완전최악이에요 몇번주문해서 먹었는데 요번꺼는 완전실망이네요 어머니꺼서 손질하시다 화내시네요 다신 주문못하겠네요, 돈 너무아까워요",0
어렵네요ㅋㅋ 해놓고나니깐 뿌듯하고 예쁜데 하는동안에는 몇번 뛰쳐나갈뻔했네요ㅋㅋㅋㅋ 안에 물감 붓 다 들어가잇어서 좋네요ㅋㅋ다반 붓이 질이 안좋아서 붓은 얇은거 하나 사서 했어요ㅋㅋㅋ 굿굿ㅋㅋㅋ,1
재구매 잘막고잇어여졸아요ㅋㅋㅋ케,1
허니브레드가 아니라 허니브레드를 만들수있는 식빵일뿐,0
몇번 세탁하고 사용하니 보풀이 조금 일어나요 그래도 금액도 적당하고 생각보다 커서 사용하기 편해요,1
집근처 건강원에서 먹었던 붕어즙은 한약맛이 강했는데 이건 붕어가 확실히 많이 들어갔는지 붕어향이 올라오긴하는데 그만큼 효과가 더 좋은거같아요 다음에도 믿고 시킬만할거같네용!,1
싸게 잘샀어요. 배송도 엄청 빠릅니다.,1
이뻐요~~~광파오븐 발효기 놓을려고 샀어요~,1
동일 상품인데 색상마다 좀 달라요,1
평소에 안닦이던 이도 잘닦여오~좋아요,1
이런 상황에 배송도 빠르고 제품도 가성비 나오,1
쉰내가 나요 열자이상,0
배송도 빠르고 핫팩 넘 따듯해요~ 진짜 오래 가네요 다 쓰면 또 주문하려구요~,1
재구매 3개월 정도쓰면 바꿔야하나봐요~ 몇번을 구매하는지 모르겠네요 반디제품보다 삼성제품이 그나마 1달 더 가네요~~=,0
2m 좋았어요.. 떨어뜨리기 전에는 말이에요....... 1m 정도 높이에서 떨어졌는데 그대로 망가져버렸어요ㅠ,0
흔들흔들 거리네 싸니까 뭐 ㅎ,0
퀄리티가 마음에들어요,1
가격이 싼 타사제품과 별차이가 없음 똑같은 매쉬시트임 가격대비 비추,0
좋 네 요 선물을 해서 찰랑찰랑한지는 잘모르겠는데 구매평 믿고 구매합니다 선물받은 친구가 좋아라 했으면 좋겠네요,1
가족들 모두 만족해합니다.,1
재구매 정말 편하고 티안나요,1
점점 건강해지는 기분이예요,1
배송해주시는분 불친절한것 빼곤 좋아요 거울이̆̈ 정말 무겁긴하더군요,1
용량이 크고 가습이 잘되네요 청소도 쉬운 것 같고. 적은 소음은 있지만 어차피 가습기는 호흡기와 가까이 두는 게 아니라기에 멀리뒀어요. 물 떨어지는 소리도 가끔 들리는데 빗소리 같아서 신경쓰이지 않아요.,1
배송이 완전 빠르진않았고 제가 주문한 상품이 아닌 다른 상품이 몇개 껴서 옴 싸고 맛있어서 만족,1
너무너무 좋아하고 예뻐서 아이가 매일 입어요~ 다 좋은데 등에 지퍼 있음 더 편할거 같고 몸판 물빠짐이 있어서 흰옷은 조심해야겠어요,1
투매트리스인데 하나가 찟어졌어요,0
바지뒷태가 안이뻐요,0
아직 써보진 못했지만 기대됩니다~,1
S를 시켰는데 M이 왔네요,0
또 재구매할듯 좋아여ㅎ,1
한번빨았는데 두번째 입을때부터 너무 늘어나네요~ ㅠㅜ 가슴이 있는편인대 편하다못해 너무 헐렁대서 불편한 느낌이요 ㅠㅠ 절대 저렴이 못사겠어요 저는 ㅠㅜ,0
비닐 포장없이 스트리폼에 냉동된 새우가 왔네요. 솔찍히 비위생적이네요. 새우는 문제 없었지만 포장에 신경쓰시길 바랍니다.,0
아직 착용안해봤지만 편하고 좋을것같아요,1
디자인도 편리성도 다 좋아요... 그러나 냄새가.ㅜㅜ 아이몸에 나쁠듯. 너무나서 그냥 사용못할것같아요.,0
잘알받았습니다 만ㅇㅎ이 파세요~,0
생각보다 사용하기 편리해요~,1
그냥그냥 활용을 해봐야 될듯요,1
스크래치제로 기대 이하네요. 스크래치제로 받고 차 스크래치제거 하기위해 설명서 대로 했지만 흠짓은 그대로 남아 있네요. 스크래치 크게 난 상태도 아니고 조금 긁힌 상태여서 가능할듯 해서 구입 했는데 별 효과 없어서 실망 입니다.,0
배송도 빠르고 제품의 질도 좋네요..사이즈도 딱이고 굿입니다.,1
아주좋아여~,0
동생이 저녁마다 방송으로 쓰고 있는데 음질이 안좋다네요;;머가 안좋은지는 말안해줘서 모르겠지만 당사자가 별로라니 머..그냥 잘쓰라고 하고있어요:),0
롱원피스에 입으려고 7부 샀고 일반 스커트 입을때는 5부 입으려고 2가지 길이로 구매했어요. 둘다 신축성 있어서 편하고 따뜻해요. 고민말고 사세요.,1
제품을뜯고써봐서.반품이안될거같아 사용하긴하는데요 듬뿍바르고문지르는데도뻑뻑하고어떠한작용을하는지모르겠네요.상품평이좋아서주문은했는데막상사용해보니~회사측은좋은제품에자신있다면일주일 써보고결정구매할수있도록하시면좋겠네요,0
재구매 조아서 더구매 했네요,1
너무 적어요 크기가 좀 컷으면 좋겟어요,0
하필오징어상자에넣어보내주셔서상품에서오징어냄새가진동을합니다,0
빠른배송 튼튼한 제품 가격대비 고퀄리티 정말좋습니다,1
구성품이 기존꺼랑 같아지면 그때 다시 주문할게요~,0
앞 부분이 잘 안맞아서 신경써서 닫아야하는게 좀 아쉽습니다,0
작아서 오히려 붙이기 조심스럽네요,1
고급스러워보이고착용감조아용,1
다른곳보다 저렴해서 많이 쟁여놨어요. 근데 한번 쓰고나면 재사용은 어려워요ㅠ,1
이제부터시식해볼계요,0
진짜 쩐내가 심해요 열받아서 쓰다가 버렸어요,0
배송두빠르구조아여,1
리뷰보고 사이즈 하나 크게 주문했는데 편하게 맞아요~ 여름이라 답답하지 않게 잘 신을 것 같아요^^,1
택배 뜯자마자 다 젖어잇고 펌핑하면 옆으로 다 새요,0
설명서 잘되있어서 교체 쉬웠습니다,1
"배송도 정말 빠르고 젠더도 안전하게 도착했어요. 디자인이 깔끔하고 좋네요. 그리고 이전부터 사용하던 제품이라.., 전반적으로 만족, 굿굿굿~~",1
달달하니 맛있어요~가격만 조금 착하면 좋겠네요ㅎㅎ,1
강추.사용해보니좋아요,1
재구매했습니다 지난번에 구매했는데 마음에 들어 지인분에게도 설치해주려 재구매했습니다 마음에 듭니다 수고하세요,1
저령하게샀어요 편하고좋습니다,1
재구매 먹음건강해질 같아요 꾸준히먹음 더 좋겠지만 가격히 쫌 있으니ㆍㆍㆍ,1
강아지가 잘 들어가구 넉넉해서ㅜ좋네요 ㅎㅎ 저는 아이스팩도 놔줬어요 방석만으로 엄청 시원하지느않아서 ㅠ,1
연어조아요 살이 두꺼워 소금간 약간 필요 아기먹는거라서인지 양이 적은거 빼곤 괜차나요 ㅋ,1
별로입니다 제품이 파손되어왔습니다,0
배송빠르고 좋아여!! 파티 필수풍선입니당,1
좋았어요.. 좋아요,1
배송이 너무 느렸고 설명서 동영상 보라고만 적혀있고 성의가 부족하네요,0
"3개월 동안 구매 했었는데, 구매할수록 불량이 많네요. 깨지거네 안에 썩어있는 계란수가 많아져서 구매처 바꿨습니다.",0
생각보다 작은 통에 담겨왔지만 만족해요 아직 사용전이지만 깨끗하게 될 것 같아요,1
계속 맛있는 반찬 부탁드립니다,1
배송이 느리고 몇번이나 전화하고서야 받을수 있었음. 그리고 2층이라고 추사요금 2만원 요구. 27만원짜리 소파 사는데 배송료 7.5천원 지불. 다시는 인터넷으로 소파구입 안할예정임.,0
질이 이상해요. 빨고나니 모양이 이상해졌어요,0
처음엔 냄새도 나지 않고 밀폐력이 좋아서 아주 마음에 쏙 들었습니다 그런데 지금 한 달 써보니 뚜껑의 스프링 부분이 자꾸 빠지게 되고 결국엔 탈락되어 뚜껑을 버리게 되었습니다 국민 기저귀통만 못 하네요,0
"기존에 사용하던 제품은 아주 잘 사용하다가, 이번에 재구매를 하였습니다. 그런데 제품 성형이 잘못된것인지 사이즈가 맞지 않습니다..ㅠㅠ 바뀐건지 왜그런지는 모르겠는데.. 물통이 헐겁게 결속되고 쉽게빠져버리네요ㅜㅜ",0
인생템 조아요,1
On off버튼이 따로 있다면 120%였겠네요 어쨌든 만족합니다 4.5 만족도입니다~,1
부드럽고 먼지없이 좋네요,1
재구매 소스 간도 맞고 야채도 싱싱하고 고기도 괜찮았어요~ 잘 먹었습니다^^,1
저에겐 그닥이네요 지성인 분들에겐 별루인거 같아요. 건성인 분들은 좋을 거 같네요. 저는 건조한 지성인데 수분이 부족한 상태에서 무거운듯한 이제품을 바르니 답답하네요,0
육수만들어서 보관하기에 너무좋아요,1
단발인데 하나로 충분히 했습니당 밝은 녹색이 나왓네요 ㅎ 근데 역쉬 3일됏는데 색은 계속 빠지네용 ㅎㅃㅏ지면또해야쩡~^^,1
배송빠르고 늘 시용합니다 순하고 촉촉해요,1
아기보단 제가 더 고소하니 맛나게 잘먹네요 ㅜㅜ ㅋㅋㅋ,1
재구매 솔직히 딱 한마디로 유감스럽지만 1도 효과없습니다. ㅜㅡ,0
좀아쉽네요..효과를 모르겠어요.. 상판은 오히려 하자를 만든거 같네요.. 사용법이 미숙해서인지 모르지만요...,0
코베야께 나은듯 전골팬에 기름 구멍도 없고 라이지 사이즈는 넘 큰거 같네요,0
늘 쓰던거에용 좋아용,1
입원해서 잘썼구요 다만 남자아이는 고정이안되고 앞뒤로 흘러내리네요..,0
크기도 크고 정말 맘에 듭니다,1
가격이 저렴한대로 튼튼하진 못하네요. 잠깐 잠깐 쓰기에 좋아요.,0
감기바쓰 때문에 배송이 엄청 오래걸렸어요.,0
사용후 피부결 느낌이 좋아진거같습니다,1
제품은 괜찮아서 계속 쓰고싶지만 용기 분사가 너무 안되서 스트레스받아요. 용기를 리뉴얼하셨으면 좋겠습니다.,0
잘먹고잇습니다 더 먹어봐야 알겟지만 효과가 잇는거 같아요,1
포장 잘해주셨어요 배송도 빨랐어요,1
오늘 처음 먹어봤는데ㅡ맛이 정말정말 오묘해요. 맛에 적응할 기간이 필요할거 같아요. 100프로 캐나다산이라 좋을거 같아요.,1
아주 편학고 좋아요. 가격도 저렴하고 배송도 빨라요~,1
부모님이 친구들이랑 여행가신다길래 예약해드렸는데 다녀오시더니 엄청 만족하셨더라구요 ~ 어른들끼리가는거라 신경 많이 쓰였는데 편하게 잘 다녀왔다해서 좋네요,1
캠핑가려고샀는데 급해서 직접 배송사가서 받았어요 ㅋㅋ진짜 가격대비 짱좋습니다.꼭 가져가셔요,1
가격대비 괜찮지만... 가격이 저렴하니까 큰 기대는 안했어요. 근데 중간 중간 녹슨 데가 있어서 짜증나네요. 신혼 집에 놓으려고 사서 설치했는데 반품하기 번거로워 그냥 씁니다.,0
빨대가 너무크고 잘랐더니 잘 안돼고,0
최 고급형 이라고 적어놓고 저급형을 보내는 클라스,0
생각보다 많이 작아요ᆢ 아이 혼자 간식가방하긴 딱 좋아요,1
넘 마르지도 않고 물이 질질 다시 구입하지 못할거같아요~,0
반품배송하고 몇주가 지났는데 환불처리가 안된거같아요 확인해주세요,0
최 고급형이라 해놓고 저급형을 보내버리는 클라스,0
손상된 제품이 왔어요,0
재구매 로션이 좀더유분수분이많이덜어있으면줗겠어요,0
베이지는 정말 유니크한거 같아요. 슬림하며 베이지이기 때문에 심하게 섹시해 보이네요^^,1
맘에들어하네요. 누나 주려고 샀네요.,1
쏘쏘...느리고 안터지고,0
너무 금방 늘어나고 기본 사이즈 자체가 좀 크게 나온 것 같아요. 리뷰 꼼꼼히 보고 사이즈결정한건데 많이 다르네요.,0
좋습니다. 해보니 시원한 느낌이 좋습니다. 너무 타이트하지 않고 적당합니다. 여름에 잘 사용할께요~~^^,1
돈아까움 그냥 리프팅하는게 답이에요,0
회사에서 필요해서 구입했는데 크기도 적당하고 튼튼하네요.,1
사람피부에 써도되나 싶은 공업용st 제품냄새. 왁스가 실처럼 날려서 계속 감아도 감아도 결국 어딘가로 날려 붙어서 잘 안지워짐. 피부에 남는 느낌도 좀 이상함.. 또 써도 될지 고민이 됨..,0
재구매 Sjcuebxjsbdjdkeb vhb,0
불량이 쫌 있네요 됐다가 안됐다가를 반복해요,0
재구매 라텍스 장갑을 여러번 구매했었는데 재질이 업그레이드 되어 냄새가 안나고 좋아졌군요. 시중의 다른 제품보다 여기 라텍스장갑이 질겨서 애용했는데 고무 냄새가 전혀 안나서 더욱 좋아졌습니다.,1
아직 써보진 않았지만 후기가 좋아 구입했습니다.,1
창문이 워낙 커서 붙이기 힘들구 좀 비뚤빼뚤 딱 맞지않앗다 그래서 옆이 뜨기도하고 찍찍이 사이고 바람들어오는듯해서 탈부착되는건 좋지만 그냥 붙이는게 효과는 좋은 ㅜ,0
사진괴 다릅니다...,0
배송에 많이 신경을 쓰셨으면 좋겠네요. 상품이 아무리 좋아도 이런식으로 포장되 오면 별로 쓰고 싶지 않아지네요. 상품은 이상없고 쓸만해서 구매결정은 함니다만은 재구매는 글쎄요...,0
다리 하나가 바르지않고 비스듬 합니다. 불안정해보여요. 교환번거로워 그냥 사용합니다 배송은 엉망이네요 배송기사가 2층까지 올려주지 않고 1층에 두고 그냥 가버리네요.,0
인쇄 규격이 너무 작음,0
평소에 까까를 별로 안좋아하는 9개월 아이입니다 친구 추천으로 올바름을 구매했는데요 7살 큰 아이까지 손을넣네요 ㅋㅋ,1
그냥 그래요 ‥불편하네요~~,0
제대로되지않은설명에이해못한저겠지만 배송료까지넘아깝네요,0
폭죽터지는 듯한 소리와 튐 있어요,0
상한거 배송 배송과정 중 상했다고 하기엔 전반적으로 모두 시들거려서 정말정말 별로입니다.,0
"세상불편 후면스위치도 힘줘야눌러야해서 스위치가 잘풀리는데 한번풀리면 또 껏다켜야하고, 어쩐지 모기가안잡힌다했네요 ㅎㅎㅎ;;;;",0
1종 재료라더니 2종인데요?,1
깔끔하고 질도 괜찮아요,1
아직 사용전이지만; 좋습니다!,1
재구매 길이도 좋고 신축성도 좋아 재구매해서 입고있어요. 완전 가성비 갑인 제품! 완전 좋슴다~~^^,1
가격대비 좋아요 배기팬츠라 편하구요,1
괜찮은거 같아요 배송 엄청빠름,1
재구매 사용감 좋아서 재구매했어요~ 부드럽긴 한데 전에 구매했던 제품보다 살짝 덜 부드러운 느낌이네요 ^^; 그래도 가격대비 만족해요 불량인 제품이 왔는데 빠르게 대처해주셔서 감사했습니다~,1
그냥 딱 갮함. 싼마이 마이으ㅔ이,0
전차종이라서 시켰는데 안맞네요..,0
아직 사용전이나 엄청 기대하고있습니다!,1
스타일이 좀 뚱뚱해 보여요,0
별로 이거 입고 나면 엉덩이가 엄청 가려워요.몇번을 새탁해도 똑같네요.그만 버려야 할때가 된거 같아요.,0
가격에 비하면 돈아깝긴하지만 아이가 머리찧는일은 없어서 그거 하나 만족합니다 ㅠ,0
입으려고 처음 세탁해놓고 보니 올이 많이 풀려있고 마감상태나 모양새가 영 조잡하네요... 다른 홈쇼핑에서 비슷한 상품 샀는데 사이즈나 모양새가 전혀 다릅니다. 여기선 다신 안 살 거 같아요 ..,0
책상 사이즈보다 살짝 크게 왔지만 수축한다는 말에 괜찮은거 같아요 절단부위도 깨끗하게 잘렸고 상태 좋습니다 잘쓸게요^^,1
잘 붙였으나 한달 지나니 테두리 부분이 뜹니다. 그리고 화면 디스플레이가 깨끗하진 않아요 흰 바탕에는 자글자글한 노이즈가 눈에 거슬려요 재구매 의사x,0
동네에서 3000원이요,0
생각보다 작지만. 은근히 많이들어갈듯. 기능은 써봐야알겠네용.ㅎ,1
와이프가 편하답니다. 후드덕후인 남편만나 후드옷을 선물받고 좋아합니다. 오버핏에 엉덩이를 살짝가리는 디자인이라 레깅스에 이쁩니다,1
유액바르는 허접한 종이조각 색바랜 밑그림 최악입니다,0
보호도 잘 해주고 좋아여,1
개약함.. 중간에 고정도안됨 비슷한제품 집에있는거랑 가격은더비싸고 품질은 완전 썩음 반품하고싶은데 택배비아까워서 걍 씀,0
폭신하고 좋은데 접착력이 약한지 잘떨어져요,0
좋군요... 실외에서 충분히 탈듯핮니다,1
만족해요 저렴하고 요청하는대로 제작해서보내주셨어요 감사합니당,1
커버는 잘되는데 너무 노래여,1
김도 잘 안 서리고 사용이 쳔리해서 조어요,1
"배송도 재멋대로고 전화받는 사람 매너도 별로에요 출고지연시키고 안내도 없고 전호ㅓ문의하니 왜난리냐는 매너로 대하고 스트레스 받은거에 비해 물건도 그닥 , 배송기사님은 매우 친절하고 좋으셨어요",0
두번째구입.착용감 편하고 손시리지않아요.,1
제형과 흡수력은 만족입니다 끈적거리지도 않고,1
향 걱정했는데 무난하고 좋네요~,1
가격도 저렴하고 쓰기편하네요,0
다음에 또 이용 할께요,1
배송비로 몇마디 했더니 안좋은 글은 삭제하고 좋은글만 올리고 아주 못된 장사치네. 내가 내 블로그에 당신 지니네 뭐라고 하는지 두고보자 아주 못된것들이네,0
무른게 .마니 들어있어서. 별로였네요,0
너무멋있음,1
너무 까끌해요..ㅠ,0
생각보다 작은거 빼고 만족합니다,1
다좋았는데 접착부분이 완전 떨어졌어요.. 바느질할수도 없고 그래서 그냥 버렸어요,0
만족한다 너무 좋아요,1
쓰본결과 그럭저럭만족합니다,1
스프레이는 뚜껑이 깨져서 반품했습니다. 그 점이 아쉽네요.,0
아주만족이요굿.굿.굿.굿,1
배송기간이 아쉽네요 금욜에 주문해서 수욜에 오다니,0
간편히 한끼 먹기네 좋아요.. 한봉지가 진공이 빠진거 빼고는 만족입니다.,1
믿고쓰는 뷔르트 역시 좋아요!!!,1
핵만족합니다 배송도 너무 빠르고 몰딩도 너무 좋네요,1
시끄럽고 디퓨저사용시 머리가 너무 아프네요,0
자주 바꾸실 거면 추천..ㅎㅎ,0
이모집에 사다드렸는데 친척들 밥먹으면서 밥 너무 맛있다고 난리였어용 ~,1
다른 사이트가 더 저렴하네요 ㅠㅠ ㅎㅎ,0
아이랑 외출시 사이즈 딱이에요.,1
마블링이 좋네요~ 배송도 빠르고 강추입니다. 와규와규,1
머리끈감사합니다 잘쓸게여,1
목편 맘편 이렇게 샀는데 온가족이 잘먹고 있어서 여러번 재구매 중입니다,1
화웨이 와이파이기계인데 풀로 충전했는데도 배터리 그냥 방전되서 보조배터리 계속 꽂고 다녔네요 다음엔 이용하기 싫습니다,0
굿 wyeutoyhkjshagxbvnlghagqyiyougkshagc vmfkhqutohoahxbcn,1
배송 완전 느려요ㅠㅠㅠ,0
3월 출산예정이라 톡톡한걸로 샀는데 여름 출산이면 더울꺼같아요,1
뭐임 워머기 같이 주는 것처럼 것처럼 홍보하더니; 낚였네 ㄹㅇ 저번엔 이 이미지 아니었잖아요^^ 기분더럽네,0
휴지가 생각보다 얇네요,0
아기가 잘 먹어요~~ 재구매 또 할께요,1
설치 간단하고 좋네요.,1
면함유량이 작은 양말 같아보입니다. 피부 촉감이 좋지 않습니다. 특히 커버하는 양말은 땀흡수도 잘 안되는 것 같습니다.,0
엄청 좋아요 정량임다,1
타이어 손질하기 편해요,1
사자마자 확인안하고 입었는데... 이러네요... 이미 사용한지라 환불도 못하겠고....,0
배송이 느려서 별하나뺍니다 품질은 좋아요,1
싸게 잘 샀어여....출출할때 먹으면 딱임^^,1
그닥... 생각보다 아이가 안 좋아함. 비싼 값이 아닌데도 가격대비 너무 부실함. 다리가 제대로 서있지 못해 휘청휘청하고 거울은 사물이 왜곡되서 보이니 애가 아에 안 봄. 그나마 드라이기만 좀 갖고 놈.,0
차가운데선 잘 안붙네요,0
재구매 좋은 제품인거 같아요~~,1
배송은 빠르고 좋네요~그런데 고무 냄새가 심하게 나고 기름도 너무 많이 발라져 있는게... 아쉬운부분입니다. 제품은 맘에 드네요~,0
배송도 빠르고 데일리로 메고 다니기 딱이에요,1
가성비조아요 정품 아닌 재생토너지만 포장이 정말 잘 되서 오고 프린트도 아주 깔끔하게 나오네요 언제까지 쓸지는 모르겠지만 좋아서 나중에 재구매 하고 싶네용,1
오늘 처음 노란색 신고갔는데 얼마안되서 앞에 구멍나서 못신게 되서 에휴 ...,0
뚜껑이 있어 깔끔하고 좋아요,1
거울이 어지러워요.. 물건들이 휘어보여요 왜그런건가요ㅠ,0
턱끈만 필요해서 구매했는데 완전 만족합니다.,1
저번에써보고 괜찬아서 또 사봄,1
상까짐 있었습니다.. 크진않지만 두곳이 작게 있음..받고 다음날 사용해야해서 어쩔수없이 사용함.. 그리고 다리사이 접이식부분 플라스틱인데 내구성 약해보임.. 그리고 휘어져있음.. 그리가성비 좋지는 않음. 다음에는 여기서 구매는 안함..,0
재구매 지난번에 구매하고 마음에 들어서 재구매했어요 다른 브랜드 슬림핏셔츠보다 약간 사이즈가 크니까 구매하실때 참고하세요 구김도 덜가서 좋아요,1
매어보았는데 최대한줄길이를 줄여봐도 좀 길어서 아쉽네요,0
완전 잘나옴 잘나와요 사진 잘나오고 좋네용 배송도 안전히 잘왓어요~! 배송 빠름 ! 사진찍기 좋음 ㅠ,1
선물로 보내드렸는데 싱싱하다고 만족하시네요 감사합니다 ㅎㅎ,1
냥이들이 최고라고 하네요~ㅎ,1
만족 괜찮네요 싸게샀어요 근데 원래쓰던 차앤박크림이나 마몽드 무궁화크림이 저한테는 더잘맞네요ㅠㅠ,1
이쁘기만하고 손잡이도 안튼튼하고 크기도 작고 ㅜㅠ,0
굿굿 편하구 좋아요.,1
가격대비 성능과 효과는 좀 미미합니다,0
다 녹아서 맛이 없어요,0
피부에 촉촉히 스며 든다는 느낌은 덜 한거같네요 트러블은 없고 향은 괜찮아요,0
그냥 보통입니다. 잘라보니 안쪽에 공기구멍도 많고 뒷면 비닐이 너무 쉽게 찟어져서 작업하는데 짜증납니다. 비닐좀 두꺼운거 쓰세요,0
재단이 쉬웠고 튼튼해요 좀 여유있게 사세요,1
마감이 너무 허접해서 가격이 아까울 정도네요,0
싸고 좋네요 크기도 맘에들고,1
너무 귀여워요 ㅋㅋ 이번 추석이랑 내년 설까지 쓰려구요! 요고 메고 다니면 넘 좋아할거 같네요,1
저는 이 세제 사용하고 난 뒤에 아기 실리콘 식기에 남는 향이 별로더라구요 ㅜㅜ,0
가성비 좋고 포장 꼼꼼히 잘 됐습니다. 체인에 바르고 타니 부드럽게 나가요 하지만 먼지는 좀 붙는거 같습니다.,1
일단 배송이 느려요 그리고 규격이 안맞는 상품을 보내셔서 잘못왔나 하고 재배송 부탁드렷는데 다르지만 똑같이 결함있는 상품이 왔어요,0
"대체로 너무 작은데, 그 날 잡은게 작은건지, 아니면 우리집 것만 작은건지... 2머리 빼고 나머지는 다 작아서 와이프가 개 실망~~!!",0
빠른배송 은 좋았어요 근데 마감 처리가 눈에보이네요 보드자국,0
오잇오잇 애들주려고 샀는데 어른입맛에도 맛있으면 어떡하나요 꼬소하고 맛있어요 재구매 의사있오요,1
가끔 많이 답답할때 급 연락드려도 선약 없으시면 언제나 성실하게 봐주십니다.질문은 꼭 광범위한게 아니고 사소한것도 봐주세요,1
재구매 예쁘고 고급스럽고 우아해요! 저는 이렇게 세트예요!! 같은 세트보다 좋아요!,1
발볼넓은 240인데 구두는 245신어서 고민하다가 크다는 후기가 많아 240으로 주문했는데 잘한거 같아요 발 편하게 잘 맞네요 245했음 교환할뻔. 패디안해도 가려줘서 편하게 잘 신을거 같아요 다만 스트랩은 좀 타이트해요~~~,1
맘에들어요 색깔부터 다맘에드네여 잘산거같아요 !!다음에 구매또할게요 ㅎㅎ 많이파시길 ㄷ좋은하루되세여,1
향이 아주 강합니다 체리섞인 달콤한향 전 머리가 지끈 ㅜ,0
"달아 놓고 보니까 눈높이 정도에 나무 칠이 벗겨져 있었음, 이외에도 칠 벗겨진곳 있음 냄새는 빠지는데 시간이 걸림 암막은 잘 됨",0
"굴 껍질이 너무 단단하고 신맛만 나네요 ㅠㅠ 귤은 실패안했는데, 첨으로 구매 실패했습니다. 저 한테만 이란 귤 왔는지 맘이 상합니다 ㅠ",0
두팩샀는데 한팩밖에 못먹었어요~ 제가 요리를못하는지 아깝더라고요. 버린게 더 많고요ㅠㅠ 맛이 아니라 만족도가 2점입니다.,0
천오백년걸리rr99,0
재구매 냐어야쟈ㅓ어아야어어ㅓ어,1
성분이괜찮은것같아서샀어요,1
수분함량부족해요.건성피부인데 악건성처럼푸석합니다ㅠ,0
좋아요 교환 빠른처리해주셔서 감사해요 유모차에 별 관심없는아이인데 미고캐비는 태워달라고 매달리네요 사용방법도 쉽고 디자인도 넘 맘에들어요,0
늘쓰던거라 또샀어요 클렌징워터 사은품은없고 본품만들어있음,1
간단한 최소한 짐들고 수영장 다니는데 10L 시켰더니 딱이네요. 큰 것 같지만 윗부분 접으니 알맞게 작아지네요.,1
재구매 강추 여러분들 절대후회하지않아요 구매하세요,1
옷 박음질이 꼼꼼하게 안되어 있어서 아쉽네요. 제가 넘 느슷한데만 꽤매 주었네요.,0
변도 잘나오고 최고!,1
배송도빠르고좋아요계속구매중,1
2개 상품 배송비 따로따로 책정됐는데 한상자에 배송보낼거면 그러지 말아야 하는거아닌가요..,0
배송도 생각보다 빨랐고 좋았어요 맛이,1
매번 아이라이너는 요걸루만 써왔어요~ 부드럽게 잘 그려지고 지속력도 좋아요~ 잘 쓰겠습니당~,1
디자인 색상 너무 마음에 드네요...,1
송장 조회가 안되서 문의 남겼는데 배송이 됐다네요.,1
아 진짜 이거 사지마세요 진짜 왜싼지 알겠음. ㅁㅊ 냄새 ㅈ나 심하고 18 아직도 머리가 아프네 롤처럼 말려서 오는데 접착력도 부실하고 12미터를 샀는데 아 좉같네,0
안 좋아요. 사자마자 고장나는 것도 있어요,0
앙버터마만들어 먹었어요 저는달지않아 좋더라구요^^,1
목요일 오후에 친구 선물로 주문했는데 방금 받았다고하네요! 배송도 빠르고 선물받은 친구도 너무 만족하네요~,1
입에 대지도 않아 버렸어요.ㅠㅠ,0
배송은 빨리받았네요,1
면이 톡톡한편이에요 사이즈 넉넉합니다,1
편하고 따뜻하니 좋아요 마니 파세요,1
터진걸 보네주느건지 택배사에서 던져서 터지는건지 저번이랑 이번 터진게 나오네요. 확인하시고 보네 주시고 택배사가 문제라면 택배사에 조심 하라고 말씀해주셔야 할듯 합니다.,0
아침에 끓여먹고나가면 든든하니 속두뜨시구 좋아요~~,1
아따 마 간ㅇ 싱싱하네요 호우!,1
선 너무 두껍고 콘센트에 꼽는 머리가 빠딱 서는스타일이라 그 두꺼운선이 벽에 붙지도않고 붕떠있어요.. 조만간 갈아야할듯,0
진품? 가품? 이것두 가품이 있을까요. ㅜㅜ 집에 36리터 보다 훨 얇은 재질 이케아서 그렇게 만든건지...예전께 훨 두껍고 튼튼..이건..쓰다가 찢어질것같아요,0
배송이 조금 아쉽지만 나름 만족합니다 애들이 엄청 좋아하네요,1
아직맛보기전..아이박스안에다녹아와서 냉동실에넣는데 비린내가심하던데..맛있길..ㅜㅜ,0
"편백수 탈모 샴푸라고 해서 거품은 기대하지 않았는데 적게 펌핑해도 거품이 완전 잘나네요 ^^ 나이가 들 수록 인공향보다는 자연적인 향이 좋더라구요, 편백수 함량도 높고 자연적인 향이라 더 만족스럽습니다.",1
믿고쓰는 화홍ㅎㅎ굳,1
신뢰가는 제품입니다,1
가성비 갑bb매번 잘 쓰고 있습니다,1
재구매 벌써 4번짼가 5번째 구매네요 좋아요,1
배송느린거야인정하지만 상담톡이 그렇게 성의없을바엔하지마요ㅡ 말한날짜에배송도안와서 얘기했더니 택배회사에서 하는일까지모른다며 죄송하다말은 1도없고.. 그럼 출고날짜만말하던가ㅡㅡ,0
재구매 여러번 시켰는데 이번껀 맛이 너무 별로예요..,0
배송 한 4일 걸린것같아요 기사님도 친절하셨고 제품도 이쁘고 좋아요 가구냄세도 많이 안나고 가격대비 좋네요,1
어쩐지 가격이 싸다싶었는데 그냥 암막종이를 부채처럼 접어 양면테잎을 붙여놓은것에 불과합니다. 일단 산거니 사용은 하겠지만 그냥 다른제품을 구매해놓았습니다.,0
구성은 맒에 들어요 근데 생각보다 작네요...,1
사용 방법대로했는데도 떨어지네요 괜히 신랑손에 멍 만 남겼네요 후회하고있어요.창고에 방치중입니다,0
선물로 줬는데 좋아하네요,1
사용법이 어려워요 ㅜ,0
진짜 이쁘고 기능좋고 가볍네요. 진작살걸. 색깔땜에 고민하다가 이제 삿는데 배송도 빠르고 흠집 하나없고 실물깡패임. 더 사고싶어요,1
실제로 잘 얼지가 않아서 ㅠㅠㅠ,0
집 티비 소리가 작아서 구입했는데 티비소리보다 더 작네요ㅡㅡ별로임. ..,0
아..고기질이 너무 잡고기ㅠㅠ 채소 너무 길고 긁어서 다시 한번 더 손봐야 함 ㅠㅠ 구매평보고 샀는데 다시는 절대로 안먹을꺼임,0
잘 모르겠어요. 연무기에 넣어서 사용하니 탄냄새가 나오. 연무기용이라는 표시는 어디에 있는지 모르겠어요,0
선물용으로 좋아용~~^^!,1
사진하고..색이너무다르네요왠..회색이왔어요..에휴,0
그리따뜻해 지지 않네요 차가운데 가면 따뜻한줄 모르겠어요,0
카특으로 바로와서 좋았어요 다른메뉴로 바꿔먹을수도 있고 차액800원이상 결재하면 별도 받을수있음,1
아주 만족스럽네요 ㅋㅋ,1
"핸들링이 부드럽고 프레임도 안정감있어보입니다. 접었을때 부피는 생각보다크고 좀 무겁습니다. 제품상태, 배송, 사은품 모두 만족합니다.",1
제품과 업체를 바꿔봤는데 옳은 선택이었습니다.,1
너무 불편 호흡곤란으로 뇌까지 산소가 안통하는 기분. 허리를 맘대로 못 움직임. 이제 곧 여름인데 존덥예상. 평소에는 못 입음. 누워만 있어야함.,0
사이즈 측정이 잘 못 되있어요 생각보다 알이 커요,0
온 가족이 함께 먹고 있는데 괜찮은거 같아요,1
아기향이라 그런지 약간 비릿한 냄새가 나서 거의 사용 안하고 있습니다ㅠ,0
잘쓸께요. 싸게잘산거같아요.,1
예쁜컬러가 엄청 많아서 택배포장할때마다 기분이 너무 좋아요 다양한 사이즈 더 추가해주면 좋겠어요,1
밤이 너무 안좋아요. 겉모양은 괜찮은데 막상 먹을려면 속이 썩은게 많아요.,0
디자인 예뻐서 샀는데 완전 별로,0
실버색 주문했는데 왜 하늘색이 왔는거죠.. 다른 분들은 배터리 포함되어 있댔는데 저는 배터리 없네요...ㅡㅡ..,0
몇번 바닥에 떨어져 움찔 했는데 튼튼하고 좋네요,1
쌀이빈질잔질 밥해먹으니 너무 맛있어요!,1
재구매 너무잘먹어서 두번째 주문했는대 질기고 억센 고추가 왔어요 첨과 달리 양념도적구여ㅜ,0
생각보다 예쁘고 맘에 듭니다.,1
깔끔하고 케이스도 있어 좋습니다.,1
사이즈좋고 디자인이쁘고 푹신푹신합ㄴ디ㅏ 항사,1
집에서 입을용으로 구매했는데 불편하네요. 사이즈도 좀 작게 나왔고 안쪽 시접이 두꺼워서 베겨요. 뒤집어서 입어야 할것 같아요.,0
ㅑ궆 제댜수추메ㅔ녀겨루낟도매노규취네며죠규하네매ㅓ다ㅑ거귀메마누 이테녀도라ㅔ마쥬라네ㅗ규수테베ㅓㅊ뎌ㅓㅍㅎ냋,1
아주 편하고 잘 사용하고 있습니다,1
보내준 깍두기는 익히니 맛있는데 총각김치 맛이 이상해요 국물도 조금 보내주셔서 말라 비틀어줬구요 맛이 일반적인 총각김치 맛이 아니에요 뭔가 이상한 맛~~속상해요 ㅠ,0
"믿고 쓰는 순둥이입니다, 친구 출산선물로 준비했어요",1
두개 주문했는데 하나는 몸통부분이 울퉁불퉁 불량인데요..귀찮아 그냥 사용하지만 제품보내실때 매의 눈으로 확인하셔야 되지않나싶네요,0
굿이에요. 욕실이 넘 넘 넘. 깔끔해졌어요. 청소도. 편할것같구 색상도 밝은게 설치하길 잘했다는 생각이 들어요.,1
배송도 빠르고 부드럽습니다. 배송도 빠르고 부드럽습니다. 옆면 뜯기는 것도 잘 뜯기고요.체험판으로 구매 사용 후 구매하는거라 마음에 안드는 부분은 없습니다.,1
길이조정 조임이 정렬이 되질 않네요.. 꽉조이면 다시 풀려요..,0
이유식하는 아이 치아관리 해주려고 구매했어요,1
배를 딱 잡아주지못하구 살짝 흐르는 느낌도 듭니당ㅜ 반품하기 귀찮아서 그냥 입는데.. 잘 입을지 모르겠어요ㅜ 차라리 돈더주고 거들을 사는게 나을거 같네용ㅜ,0
정말 예쁘구 아이도 좋아해요 후진은 잘 안되지만 전진은 주행감도 부드럽고 좋아요 설명서 한국어는 없으니 영어로 봐야하네요 접고 펴기도 쉽고 만족해요!!,1
일회용이예요 돈이 아깝네요,0
요기 드라이버 절때사지마세요 개쓰레기에요 걍 힘도 없음 저걸로 돌리다가 나사2개 마모됨 하 좋은거쓰세요,0
편하고 좋네요~~ 또 구매할께요~~^^,1
좋아요!좋아요! 베개 끌어안고자다가 구매했어요 생각보다 커서 놀랫음 잠 잘옵니당 !! 재질도 좋아요!좋아요!,1
또 살려구요 넘 예뻐서 추천해주고 싶어요,1
정말 착한 가격에 무료배송에 유통기한 넉넉하고ㅎㅎ 재구매 의사있어요ㅎㅎ,1
Tv가 앞으로 쏠리네요 참고로 55인치에요,0
귀욤 애기 등에 땀띠가 자꾸 나서 한번 사봤어요~~ 없는것보단 나은거 같네용 땀띠 다 들어가길ㅠ,1
전체적으로 크기도너무작고 덜자란 느낌?에 안달고 풋내만나요 개수보다 많이주셨지만 기존 다른곳에서 사먹은거랑 크기도 맛도 너무 차이나서 먹다가 화나서 글씁니다 양보단 질이죠ㅠ,0
사이즈가 귀여워서 초등 딸아이 해주니 너무 이뻐요~,1
"굉장히 부실합니다. 급하게 주문을 하느라 리뷰가 많은 상품을 구매했지만, 굉장히 부실합니다. 주변에서 구매한다고 하면 적극적으로 말리고 싶습니다.",0
별로에요 갑자기 데이터를 8일에 12기가로 바꼈어요 통화는 반이상 줄어들어서 개인적으로 로밍통화료 추가로 내야 됐어요,0
피부 땡김 없이 괜찮아요,1
이틀 사용해봤는데 하루정도 넣어두었는데 색이 변하는건 아직 잘모르겠구요 더 사용해봐야될듯 그래서 별하나 뺐습니다ᆢ습기제거되는거같은 뽀송뽀송한감은 있어요ᆢ,1
재구매 기호도가 좋네요 우리 애가 연어를 좋아해서 이번엔 연어로 시켜봤어요,1
재구매 두번째 구매에요 지인추천 많이합니당,1
재구매 저번에 먹어보고 맛있어서 또 주문했습니다. 원하는 날짜에 정확하게 받을 수 있어서 더욱 좋았습니다.,1
사이즈가 작게나온거같아요.,0
에어캡에 감싸져 있는데도 통이 깨져있어서 좀 별로 였습니다,0
두피 가려움에 아무 진전 없습니다 사실려는분들 참고 하시면 됩니다,0
지인선물로죴더니넘조아합니다,0
밥알이코실꼬실해서 넘맛좋아요,1
제품상태는 좋으나 배송상태일때 안전장치 하나도 없어서 제품이 파손되어 반송하여 다시 받았으나 다시 받은 물건도 처음과 같이 에어캡 없이 그냥 왔습니다. 에어캡좀 넣어주세요.,0
두번째 구입입니다 오래는 못쓰나 가성비는 좋습니다,1
비싸게 샀고 맛은 적응이되긴했는데 제 몸에는 잘 맞지 않는거 같아요 괜히 두개 샀어요 먹어보고 더 살걸,0
아기가 좋아해요♡ 많이 파세요~~~,1
배송이 한달 정도 책임은 아무도 지지 않고 소비자가 확인해야 응답함 무척 답답함 100점 만점에 2점,0
필터 크기가 커서 아주 맘에 들어요 다른곳은 작아서 그저 그랬는데 다음에 또 주문해야겠어요 ^^,1
압축이 잘되어 공간활용에 짱입니다요~,0
그냥그래요 그냥쏘쏘,0
생긱보다 고급스러워서 좋아요,1
냄새가 많이납니다.,0
수평나사가 밑에 있어 편리했어요,1
보내주신 어댑터(?)가 수전이랑 안맞아서 사용못함 ㅡㅡ 돈버림...,0
시리얼 말아 먹을 때 칼로리 부담도 덜고 좀 더 담백하게 먹고 싶어서 구매했어요 원하는대로 담백하고 고소하고 좋아요,1
순살닭갈비해먹기 좋아요!,1
지갑에 마감 처리도 엉성하고요 사진 부분이 눌려져있길래 문의 해보니 줄이 닿는 부분이라 다른 상품도 동일하게 이런 자국이 있다네요 미리 설명을 해놓던가ㅋㅋ 그래놓곤 내 연락 씹음 ~ 아무리 싸다지만 이랬다면 안샀을거임 ^^ 판매자 대응도 👎,0
부모님이 맛있게 드셨다고 하네요,1
"다 좋은데, 밀림은 어쩔수 없나봐요 ㅠㅠ 잡고 서는 시기인데.. 의미없는 가림막...",0
너무 약해서 얼마 못쓸것같아요...,0
한번 써보고 마네요.ㅎ. 딱 한번을 위해는 별로,0
넉넉하게 입히려고 한사이즈 위로 샀는데 많이 크지 않네요. 정사이즈 사면 불편하겠어요. 디자인 귀엽고 시원한 소재라 좋습니다.,1
우와 향이 정말 좋네요! 다음에 다른 향들도 구매하게될것같아요 ㅎㅎ 배송도 빨라용 ㅋㅋㅋ 짱좋음,1
별로에요 상담태도부터 바꾸세요 다른사람 얘기를 들어주고 마음을 헤어려주는게 상담이지 자기말 타로해석만 줄줄이 늘어놓는게 상담이 아닙니다,0
거북할까봐 우려했는데 맛이 좋아요~ 늘 운동할때 물과희석해서 수시로 마시고 있어요,1
실제 써보면 측정하기에 시간이 부족합니다. 하나하는데 1시간이 소요되니 그에비해 대여비가 비싸네요. 요즘 관공서에 무료로 대여해준다고 해서 무료로 대여받아 다시 했네요,0
저ㅘㅇ도심하고 잘뒤집혀요 가격대비 아주아주별로입니다,0
빠르게 바로와서 좋았습니다.,1
음... 5g짜리달고 몇번 튕겨주니까 루어가 하늘로 날아도망갔어요.,0
고급스럽게 나왓어요 ! 너무 마음에 들어요,1
나이키 265사이즈 신발 박스가 통째로 다 안들어가네요,0
제품은 만족합니다만.. 가이드캡 깨져서와서 새로 보내달래서 보내주셨다만 낚싯대에 맞지도 않는거주면 어쩌자는건지..,0
배송 빠르고 가격도 저렴 하네요. 근데 박스에 찍힘이 있긴한데 깨지는 물건은 아니라서 상관은없지만 찝찝 하긴 하네용 고리 거는 부분이 있어서 걸어두기에 좋아요,1
"조립 어렵게했구요.... 금액이 완젼 짜증나네요ㅜ 아니,, 배송받으니 3만원이나 저렴해진 이유가 뭔가요??? ㅠ",0
세가지색상 세가지 색상 다 예쁘고 편하고 완전 추천이예요! 이 가격에 남는게 잇을지도 모르겠어요!! ㅎㅎ,1
애기가 좋아하고 잘 먹어요. 맛있나봐요,1
ㅎㅎ 가격에 비해 저렴하고 좋네요ㅎㅎ다음에 기회가 되면 또 구해 하겟습니다 번창하세요ㅎㅎ하하 ㅎ,1
배송도 빠르고 잘 쓸게요,0
선물용으로도 최고 선물해주면 맛있다고 잘 먹었다고 고맙다고 인사 받는 김 선물 특히나 현대수산 맛김은 저희집에서도 떨어지게 무섭게 재구매 하여 늘 쟁여두고 먹은 반찬입니다 장수가 줄어들어 아쉽지만 그래도 좋아요,1
제 한손에 쥐기 딱 좋으네요~초등 저학년 씻기기에도 굿~~ 피부에 자극이 안가서 좋아요,1
배송도 괜찮고 제품도 이상이 없네요,1
배송빠르고 솜좋읍니다,1
핑크가 안예뻐요 ㅎㅎ 인디핑크 워싱느낌 ㅠㅠ 살구색과 인디핑크 중간 색깔??? 라지사이즈가 작은편 ㅠㅠ 배송도 너무 느리고 ㅠㅠ,0
와 좋습니다 좋아,1
키친타올걸기가 좋아요,1
한달 후기 기다리다가 씁니다. 쓰다보니까 다리부분이 너무 약해서 조금만 옮길라고 밀면 다리가 휙 접혀버려요. 뭐먹다가 쏟아질까봐 못쓰겠어요.다리쪽에 고정이 살짝이라도 되면 좋을거같아요.,0
3키로짜리가 국물빼고 저만한 통에 들어가요 국물이 많이 남아서 한번 끓여서 다른 피클 담는데 썼습니다. 약간 좀 짠데 김밥싸먹으니 완전 별미 김밥에 적당한 간이더라고요,1
텐트가 자꾸 힘이 없고 휘어져서 별로에요 배송도 느리구요,0
계속 쓰던 거예요.,1
깔끔해서 이뻐요. 여유로운 사이즈로 사세용,1
자주 구입하는 제품이구요 아이들이 좋아합니다. 맛도 좋아요,1
어ㅗ로노어라ㅏ아아ㅏ아,0
너누 싱거워요~그리고 생각보다 작아요~,0
구성품중에 후진등에 전원 연결하는 전선 길이가 너무 짧아요. 기아 레이에 설치하는데 전선 사다가 연장해서 설치했습니다. 전선 길이를 넉넉하게 주시면 좋을것 같습니다.,0
저한테는 너무매트한거같습니다,0
너무 묽어서 양치 할때마다 매일 흘러서 끈적끈적해요. 그리고 양이 정말 적어요. 아이가 딸기향은 좋아하고 성분이 좋다하니 별 두개입니다.,0
어렵지않게 부착할수 있었네요.,1
24개정도구입했는데 그중3개는박스가맞지않아뜯어서다시붙여야했는데요 피도유리병넣을거라서 선물하고 내용물이있으면 다시뜯어지지않을까걱정되네요,0
우왕 짱!!고정력이 좋아요~속눈썹이 길어지는것은 잘 모르겠어요~분홍색도 사고 싶네요!,1
빠른배송 좋아요.취소되지않고 와서 다행,1
깔끔하고 좋은데 가격이 비싼거 같아요,0
디자인이나 크기는 만족해요. 근데 제품 스티커 떼니까 딱 그자리에 하자가 있더라구요ㅋㅋ 그냥 사용하긴 하지만 일부러 가릴려고 그 자리에 스티커 붙인 것 같아서 어이없어 웃겼네요.,1
국내산이아니네요조금아쉽네요...,0
너무 예쁘게 잘되네요 기술이 없어도 예뻐요,1
저렴한것도 많지만 미네랄오일로 만들엇길래 이 제품 사게되엇어요 ! 인공향냄새도 안나고 성분도좋네요 겨울도아닌데 터서 잘 바르고잇어요 ㅎ,1
제품은 좋은데 택배업체때문에 곤란을 겪었네요 ㅠ부대로 배송했는데 부대 사정 상 외출이 아려워 택배 보관장소로 방문하지 못하였더니 보관 시 분실위험이 잇어서 반송하신다고 하더라고요.,0
색상이 달라요,0
기준이 어디서부터 측정한 길이인지 모르겠지만 14-17이라고 했던 길이보다 깁니다. 여유 체인이야 더 길어도 상관없지만 본 체인 길이도 14를 넘는 것 같아요. 그 때문에 팔목에 많이 헐렁해서 불편하네요,0
배송비는 따로 수정하셔야할것같아요 3가지 제품 한박스에 오면서 배송비를 각각받으시다니..,0
사이즈가 넘 크네요,0
정말홈트레이닝에적합한기구네요 만족하며쓰고있습니다,1
배송도 적당했구요 ㅎ 제품이 너무 깜찍하네요 ㅎㅎ 너무 만족합니다 ㅎㅎ,1
잘 받았습니다 상품 잘 받았습니다 빠른배송 감사합니다. 아직 먹진 않았지만 상품평이 좋으니 기대해봅니다.,1
아 맘고생햇엇는데 ㅋ 한방에 마음이 날라다닐꺼같아용 촤고임,1
배송도 꼼꼼히오고 바로삶아먹음 맛있어요,1
조아요 조 인 아 요,1
도배잘했어요 헤라도있고 여분풀도 있어서 좋았어요,1
제목:수조에서 수명을 다~한 대게 .. 머라 말을해야할지...자숙아님 살아온다했는대 땡땡 얼려왔어요ㅠ.ㅠ수율 52정도구요 먹은중에 너무화가나서 눈물나네요 한해의 마무리날인대..20년은 맛난거 시킬겁니다!!,0
배송은 빨랐는데 햇빛이 잘안가려져요...ㅠㅠ,0
젛아요 아냐코너라느어처누어텅,1
배송은 빠른편인데 딱 가격만큼인듯.. 플라스틱같아여,0
크기도 적당하고 좋습니다 배송도 빠름~^^,1
약간 속쓰림이 있다고 하네요,1
칫솔꽂이랑 치약꽂이 같은 블루로 주문햇는데 색이 다르네요..,0
여러개 시켯는데 전부다 만족합니다,1
후기가너무좋아서 기대했는데 전 별로였어요 냄새도 좀 나고 곱창이 다 터져있고..,0
5개나 주문했어요 ㅋㅋㅋㅋ 짱짱해서 좋아용 !!!!,1
좋아요 밤부보다 먼지안나요,1
전부 고속인줄알았는데 초록색부분2개만 고속이고 나머진 아니더군요,0
아침에 든든하게 먹고 다닐 수 있을거 같습니다. 감사합니다,1
버터.치즈 배송기간동안 아이스팩없이 오는건 첨보네요 배송비는 3500원,0
기대 효과 좋다고해서 구매했어요. 효과 기대해보며 열심히 사용하고나서 재구매하러 오겠습니당!!!,1
5월중순 특가한다길래 색상 랜덤 샀더니 안팔리는 상품 떨이였네요. 어떻게 다 빨간색으로만 주죠?????! 사람들 만족도 높은것도 아마 떨이같은 가격때문이겠죠. 딱 그 가격 같네요,0
축구화에 착용하려고했는디 생각보다 깔창 높이가 높네요 하지만 쿠션감은 너무 좋아요! 인체공학적입니다,0
물건받는데...일주일도 더 걸려받았는데... 택배사의 잘못이긴하지만 아쉬운 대응에...,0
제 사이즈가 75 D~E컵이라서 컵이 좀 작아요 .. 텐션감이 좋아허 가슴 잘 잡아주는거같고 뒤쪽에 상표 택 때문에 너무 아프고 간지러워서 잘랐는데도 똑같네요 .... 이 부분 꼭 수정해주셨으면해요,0
N12품절되어서 N18로 받았는데 어둡네요,0
맛이 너무 없어요ㅜㅜ 겉은 반질반질 한데 속은 완전 별로예요 햇밤인지 정말정말 의문스럽네요 정말 실망이네요,0
냄새 완전 별로인데요,0
원래쓰던 제품이지만 대용량! 완전 만족합니다,1
테두리 마감이 좋아요,1
아이들이 정말 좋아해요^^,1
가성비 사용감 좋아요,1
중형을 사용해봐서 같이 구매햇는데 생각보다 얇네요 튼튼하다는 느낌을 못받았어요,0
"얼룩안지워저요.,뿌리고 비비거나 세탁할때 넣었는데 효과 자체를 모르겠음. 방금 코피 묻은 폴리 소재 이불에 뿌려 비벼도 안지워짐. 방금 묻은 코피는 물로도 지워지는데..",0
스티커가 잘 떨어저요,0
종최 후원한다고 해서 주문했는데... 비추해요,0
생각보다 고양이가 잘 안갖고놀고 한마리는 좀 무서워하네여..ㅠㅠ,1
보조배터리냐고 3-4시간만에 나가버려서 여행내내 짜증만 났습니다,0
피부 자극은 조금 있지만 간편하게 쓰기 좋아요,1
재구매 하...다음에도 같은걸로 살거에요!,1
20키로 중 거의 2키로는 물러서 벼렸어요 액기스 담가도 상하지 않을지 모르겠네요 왜 초록색이 더 많이 물렀는지 궁금하네요 딴지 오래된듯하네요 너무 불만스럽네요,0
한달이 지난 지금도 잘 사용중입니다 화질도 좋고 맘에들어요😊,1
너무 아닌듯ㅜㅜ해요 진짜사진빨이네요,0
두껍고 튼튼한 유리라 좋네요,1
배송 빠르고 좋았어요 근데 좀 많이 느려요..,1
유통기한이 하루 남은걸 보내주셧더군요 어쩐지 박스에 당일배송이라고 적어놓으셧길래 식품이라 신경 써준줄 알앗더니 유통기한 하루 남아서 유통기한 전에는 받도록 하신거 같아 씁쓸하네요;;;,0
튼튼해보여서 구매해봤어요,1
가위질도 부드럽게 되고 느낌도 좋네요,1
화면이랑 같아요 수저놓는곳이 얼룩지지만 그냥쓸께요,0
가격대비 만족도가 있습니다,1
발볼있으면 불편하겠어요,0
"일단 조립자체는 엄청 쉬운편은 아닙니다, 그리고 빨랫대 살자체도 약한가? 싶긴한데 문제없고 아랫부분에 발도 접혀서 수납하기좋고, 이불도 널수있어서 매우 만족합니다:)",1
별로예요~~,0
상품은 잘받았으나 팔걸이부분이 깨진 상태로 도착했네요 딱히 교환하면 귀찮아질꺼같아서 그냥 씁니다,0
아기가 좋아하네요~ 대여하길 잘했네요 ^^,1
그런대로 먹고있네요ㅡ,1
잘받았구요 벌레가 없는건지 못잡는건지 3일간 틀어놨지만 잡힌건 없었구요 아들이 모기에 물리지 않은걸보면 없어서 인것같습니다 소리가 그리 크지는 않지만 가까이서는 신경쓰일정도는 됩니다,1
너무힘들어요...ㅠㅜ조림하악,0
평소 110사이즈 입는데 넉넉하고 충분해요,1
한쪽만 물레방아돌아오 물이 골고루 안퍼짐 그냥 유키두꺼 살걸 그맀어요 괜히샀아요 ㅠㅠㅂㅎㅂㄹㅈㄹㅈㄹㅈㄹㄹㅈㄹㅈㄹㅈㅈ,0
배송이 거의 한달걸리고 늦는다고 말도 없고 아예 잊고살게 만드네,0
나시 여름이 다가와..기존에 입은거 생각하고..구입 했는데..그다시.ㅈ..별루 입니다..배송비 들어가니까..집에서 막 입을려구요,0
탄냄비 설명대로 해도 탄자국이 그대로네요~~ㅜ다시해봐야겠지만 실망입니다ㅜ,0
흼색 겅은색 둘 다 이뻤고 소매 통이 좀 크단걸 알고 사셔야될듯해용,1
쓰기 불편하고 시원하게 피지가 안나옴 ;;,0
받침을 따로 보내주시는데 5일이나 늦게 보내주셔서 몸통만 덩그러니 눕혀놓고 계속 방치하고 별로네요,0
생각보다 튼튼한ㄱㅏㅏ,1
재구매 세번째 구매인거같아요 ㅎㅎ 적당히 도톰하고 좋아요,1
분무기 헤드가 안맞는게와서 다른병에 옮겨서 썻네요,0
오늘 열무냉국수 먹어봤는데,0
1점도 아까움 반품도 안됨,0
내 프린터가 안좋은지 잘모르지만 그냥 그래요..,0
재구매 넘 신선하고 맛도조아여,1
생각보다 너무 좋앗어요 귀여워요,1
갤 s9는 사용이 안되고 갤 10은 연결 후 껐다 켜야지만 인식이 됩니다 ㅡㅡ 고객센터에 연락을 하니 알아보고 전화 주신다더니 연락도 없고 그사이에 구매 자동확정 되서 그냥 처박아 놓고 있습니다,0
밀대 사이즈를 제대로 안보고 샀더니만.. 넘 작아요. 일회용 청소포를 끼우고 한번 닦았더니 밀대 바닥 흰색 부분이 벌써 때 끼려고하네요. 청소포도 얇아서 몇번 안 밀었는데.. 자취방에 어울리는 청소기네요.,0
안붙어요ㅠㅠ,0
향이 좋아요. 배송이 빨라요,1
재구매 백미는 찹쌀이 생각보다 많이 섞였네요.. 항상 구매해서 먹었는데 갈수록 백미에 찹쌀 섞이는 게 많네요.. 다른곳에서 구매해야하나 생각중입니다.,0
좋아여! 애기라 귀이개로 팔수가.없어서 주문했어여 잘붙고 개별포장이라 깔끙해서 좋네여!! 대들 애기 귀파줄때 안전하게 점착면봉 ㄱㄱ,1
팔길어서 잘라야게따.,0
저렴한가격에 높은 성능 좋습니다,1
고기가 정말 신선하네요. 추천합니다.,1
배송중 문제가 있었는지 원래부터 그러는지 모르지만 의자에 파손흔적이 있네모,0
한제품은 콜이 왔는데 하나는 차콜이 아니고 그레이가 왔네요 그레이는 있는데 짜증나네요,0
나무 진액?이 흘러서 종이랑 베개랑 붙어 있어서 자국 다 남고 전체적으로 그냥 그래요,0
배송이 참 빨라요 ㅎㅎ 각질케어는 잘 모르겠고 하고나서 촉촉함과 안색 밝아진게 좋았습니다~ 샘플로 온 마스크팩도 잘 쓰겠습니다 ^^,1
배송이 너무 느리고 검정색 같이 주문한거는 아직도 오지도 않고 따로 보낸건지?,0
저는 전혀 사용할수 없어서 남 주려구여,0
고구마 정말 맛있고 품질도 좋아요. 5kg이라 벌써 다 먹어가지만 또 주문하려구요. 조금씩 자주 주문해서 먹어야겠어요.,1
그래도 상일리베니까 구입했더니 완전 아님 그냥 가격대비 저렴한 제품을 골랐네요 설치기사는 너무너무 냄새나고 불쾌하고 설명은 왜그리길게 하던지 정말 안좋았습니다.,0
배송겁나느림 도트캡나시는 사진에는 가슴부분이 봉긋해보이는데 캡이 같이 봉제가 안되있어서 전혀커버가 안되네요,0
재구매 기모입다 이제 이걸로 갈아탔어요 더가벼고 좀네요,1
숨이 금방 죽어서 더 빵빵했으면. 배송 느림.,0
그저그너ㅓㄱㄷㅂㆍ,0
엉덩이가 가려지지 않습니다,0
배송이 조금 느려서 그게 아쉬웠지만 상품은 마음에 들어요,1
남편이곱슬이라해주려고샀는데 두번할양이나오네요. 짧아서 한번더해줄까합니다.,1
재구매 아기가 잘먹어요. 엄마가 먹어도 맛있네요.,1
생각한거랑 정확히 일치해서 왔습니다 가격두저렴하네요,1
너무좋습니다 일주일내로 여행가기 진짜좋은가방입니다 일주일내로 해외여행 국내여행 갈때 정말 좋은 가방입니다. 사고 하자하나없고 정말 잘쓰고있습니다. 일상에서도 수납공간이많아서 잘쓰고잇습니다.,1
블랙별루네요 가오리 블랙은 진짜 넘 싼티나요 이번 여행가서 한번도 안입었어요 진짜 투박하고 더 뚱뚱해 보이는 스탈이라 밝은색이 나을꺼 같아요,0
생각보다좀작았어요 그래도만족햐용,1
생각보다 별로 인듯 합니다,0
"하..기후변화로 인해 계속 딜레이 되는건 이해하지만,응대를 잘못하는 제주커머스와 잠수함전화받스시는 분들땜에 맘이 짜증났음",0
뚜껑이자꾸열려요 뭡니까,0
또 구매해도 만족! 저번에이어 또 구매했눈뎅 역시 제품도 좋고 만족합니다아앙 이번에는 가방도 주문했는데 색깔도 사진그대로라 너무 예쁘고 좋네영,1
재구매 가성비 최강!!! 더이상의 말이 필요 없음 ㅋ,1
자전거만 받고 공구못받음 공구 요청 몇번했는데도 전화도 안받고 일주일 이상걸림 보내준다하고 말뿐임 뒷목 몇번잡았음,0
거울이..얼굴이 일그러지고..어지러워요,0
재구매 포장이 터져서 왔어요 박스에 설탕이 가득,0
자켓 이너용으로 딱,1
전에 300g에 2500원정도 구매했었는데 몇그램인지 확인안하고 금액만 보고 구매했어요. 확인안하고 구매한 제탓이지만 너무 비싸요. 다른데는 800원씩인데요.,0
재질은 괜찮고 편하긴한데 뒤에 엉덩이부분이 안예쁘네요 세로줄잡혀있어서...통도 생각보단 더넓고 길어요,0
"깃털, 받쳐주는 아래 쿠션부분 하자가 많네요. 저렴한 가격이라 감안하고 쓰려고 합니다.",0
생각보단 작지만 잘빗겨요,1
먼지엄청붙습니다. 비추에요. 이불도 사려고 했는데 안산게 천만다행같아요.,0
두개 시켰는데 사이즈가 너무나도 다름ㅜ 그리고 성분이 바뀐건가 트러블이ㅜㅜ,0
제가 잘못사용한건지 그닥~~,0
생각보다 넘 진해요 망했어욥,0
재구매 선물용으로 한박스 더 주문요~~ 이제다른토마토못먹어요ㅋ 싱겁거든요,1
딱가격만큼..가벼워서좋은데 의자바닥이 고정이안되는줄몰랏..의자길이도 한쪽이안맞아서 밑에 스티커두개붙임....,1
반품 들어온 상품 주신거 같은데 여기 저기 상처나 있고 때타있고...반품 보내기 그냥 창고에 넣었으니까,0
길이 조절이 가능해서줄였습니다~ㅋ 색상 맘에들어요~~^^,1
수납하려고 산건데 적당하네요,1
한쪽만파는거임 한쪽만 배송이되서 어쩔수 없이 한쪽 더 주문했긴 했는데요 시중가격보다 배송비랑 다 따져봐도 더 비싸네요..넘 얇고 작아요,0
그냥그래요 생각보다 크게 효과가 있는거 같진 않아요,0
청바지에서 약품냄새가 좀 나네요...,0
떨어져요 유리창 깨끗이 닦고 물 충분히 뿌리고 붙였는대 몇시간후 떨어지네요 어찌해야하나요?,0
아ㅜ이거ㅜ실망이야 원목 색상이랑 결이 복불복임 내꺼느느안이쁜 나무ㅜ결이와서 시러ㅜㅜㅔㅜ화분으러ㅜ가림,0
아주 쫀득쫀득 하지 않고 부드러워서 아이들이 먹기 좋습니다. 또 구매하고 싶네요~~~,1
배송도 빠르고 사진처럼 예쁘고 튼튼해요. 바닥 부분에 미끄럼방지 처리도 돼 있어서 바닥에 상처날 걱정도 없어요.,1
별루다 ㅅㄴᆞㄱㅂᆞㅂᆞ슫ㅅㄴㅍᆞㅂㄹㅂㅅㅌㅅㅂᆞ븓ㅅㅇㅈㅂㄴㅅㄴㅎ늢ㄷㅇㅈ븐ㅂㄷㅅㅂㅌㅂㄴㅅㅂᆞㅅㄷㄴㅌ븝ㅌㅅㄷㅅㄷㅅ,0
지난번 구입해서 먹고 너무 맛있어서 재구매했어요.,1
흑색 사려다 품절이라 흑갈색 샀는데 괜찮네요,1
화면으로 보고 생각한 것과 좀 다른것같아요... 작은 양념통 아니면 키친타올 끼우는 것때문에 넣었다가 꺼내쓰기 불편합니다. 반품비 아까워 그냥 사용하려고 합니다.,0
좋아요 떡뻥이 커서 잡고 먹기 좋습니다,1
이거 머죠? 붙이면서 동영상 대로 사이드 눌러주면서 마감하는데 정말 신중하게 살짝살짝하면서 눌르는데 그냥 금가면서 깨져버리네요 강도가 정말,0
두통째 먹고 있는데 꾸준히 먹어보려고합니다.,1
1000조각용 액자3개 했습니다 그런데 사이즈가 않맞아요 액자하니는 퍼즐에 마지막줄을 떠어내고 억지로 끼웠구요 나머지2개와 백두산퍼즐은 반품합니다 액자길이가 1센티나 모자라요,0
너무좋아요~~~강추!!!,1
이거 진작 설치할껄 좋은데 빠른배송 좋아,1
바나나는 너무 딱딱해서 아이들이 먹다가 뱉어요~~,0
마감이 허술해요. 끈만 잡고 들고다니다가 끝에 플라스틱으로 엮인 부분 줄이 빠져서 카메라 든 채로 바닥에 떨어뜨렸어요.,0
재구매 포장상태가너무맘에안드네영 한번더 박스에넣어주시지,0
2개 샀더니 사은품도 주셨네요.감사합니다.사계절 잘 쓸듯 합니다.많이 파세요.^^,1
세안할 때 각질제거도 되고 좋아용,1
스티커도작아어 붙히기너무힘듬,0
S사이즈 시켰는데 슬림하진 않고 크고 옷감이 무거워요,0
별로예예 자외선 차단제 같아요,0
그리고통화했을때 확인했던 착불배송료보다 약 만원가량 더 많이 냈네요;;;,0
"스파우트에서 앞부분 빨대로 바꿔서 써보려고 주문했는데 넘 비싸고,,, 뚜껑열어 뒤집으면 물도 다새서 별로 예요 이돈주고 다른 빨대컵하나 사겠어요",0
1회용 일반마스크에 부착해서 사용해봤는데 숨쉬기 힘들었음,0
매트리스높이가35cm정도였는데여유있게딱맞네요~ 배송도빠르고가겨도착하고좋네요~,1
시장에서 먼저 산 비트는 아직까지 단단한데 몇개가 수분이 빠진것처럼 시들해요. 인터넷으로 채소를 산건 처음이라 좀 실망했네요,0
잘 받앗어요 어른이 사용하기엔 좀 유치해서 원래끼던거 다시낄예정..ㅠㅠ,0
크네요. 칸막이나 지퍼로 분리되어 있으면 좋겠네요. 그외는 없어요. 만족해요.,1
케이블 길이가 좀 더 길었다면 5점,1
재구매 계속계속 먹는 김치에요 맛도 좋고 완전만족합니다,1
사이즈 미스였지만 널널하게 끼우니 소리 안나고 좋아오!,1
맛없고 별로였어요 애도 안먹어요,0
젤이 딴딴하지 않고 물처럼 흘러내려요 .... 세척도 잘 안 되는 것 같아요 ....,0
브러쉬가 비정상적으로 딱딱합니다 유키 제품 한두번 한두개 사용해본게 아닌데요 불량같아요 그리고 큐어링도 30초했는데 불구하고 광이 거의없어요,0
딱 이가격 하는거 같습니다. 팔걸이 수평도 안맞고 등받이도 조금 약해 보이고 허리 받혀주는 프라스틱은 항상 내려가 있네요 세일해서 18만원주고 산건데 딱 이가격하는거 같아요,0
색상이나 사용감 대체로 만족합니다. 아기띠어 덧대니 조금 무거워지긴하지만 보온성 있는것 같아요,1
이거 절대 사지마세요... 최악,0
재구매 노즈워크놀이용으로구매,1
25미터로 잘 주셨어요 그런데 접착제냄새가 너무심해서 붙이고나서 어떨지 걱정이네여,1
간식으로 먹고있는데 든든 하네요,1
크고 많이들어가서 좋네요,1
두번째 구매합니다. 아기가 쓰는데 아무리 던지고 떨어뜨려도 튼튼하네요. 추가 있어 아무방향이나 물을 마실수 있어 좋고 빨대에 중간에 속도조절하는 막같은 구조라 사래도 덜걸리네요,1
아직 100프로에요 엄청 오래가는진 모르겠지만 바꾸기 전보다 훨씬 나아요,1
푹신함은 좋습니다. 다만 냄새가 심해서 며칠을 빼도 잘 안빠져서 못쓰는게 문제입니다,0
싸게 잘삼ㅅ음,1
빨간색이 눈에 확 띄어서 실험삼아 구매했는데 친구 것도 빨간색으로 할 걸 그랬어요. 너무 예뻐요.,1
배송이 늦게와서 못씀 ㅜ,0
쓰건거라 재구매했어요,1
착용은 안해봤지만 일단 저렴하게 구입해서 만족합니다.,1
나무가 얇아요ㆍ색깔은 무난해요ㄴ,0
색상이 너무 밝아요. 모델하우스 오픈용으로 구입색상이 너무 밝아요분양중인데 대박나면 좋겠다 10자만 채우자ㅋㅋ..,0
재구매 배송 겁나 느리구요 직접배송인데 설치는 둘째치고 약속시간보다 늦게오고 안에다 던져놓고 가서 자가설치 햇습니다,0
도시락 반찬하려고 샀어요 도시락 반찬 하려고 샀어요생각보다 사이즈가 크네요 잘먹겠습니다맛있을 것 같아요맛도 다양하고,1
빠른배송과 가격대비 물건좋아요. 써비스로주신 탭볼도 귀엽읍니다.,1
"게 한마리를 감싼 붉은색 나일론실이 꽤 길었는데도 못보고 함께 요리했다니 위생상태가 의심되서 입맛도 잃었고요, 생물이라 반품이 되니 안되니 언쟁하기 귀찮아서 글로나마 아쉬운점 적습니다",0
삼부라생각햇는데 오부엿내요ㅜㅜ 다품정,0
하나도 흉터 안없어져요 ㅜㅜ,0
빠른배송 좋아요ㅎㅎ 남편이 있었음하길래사줬어요ㅎㅎ 잘쓰길...ㅋㅋ,1
통화는 안돼네요.. 된다해서 샀는데..,0
다음에 도 살거에요,1
마스크 보관에 편리,1
범퍼케이스는 사이즈 딱 맞고 싼 가격에 쓰기 좋은데 일반 케이스는 카메라 위치도 안맞고 최악입니다. 그대로 버렸습니다.,0
재구매 늘 구매 하는 제품인데 향이 바뀐거같아요,0
생각보다 별로에요 깨끗하게 닦인다는 느낌이 안들어요,0
작은 사이즈 패드는 의자 팔걸이에 장착했을 때 넓은 부분이 팔꿈치 쪽으로 와서 아쉽습니다.,0
깔끔해서 좋긴한데 고리걸지 못하고 제대로 끝까지 안껴져서 빅스비버튼과 볼륨 줄이는버튼이 살짝 닿아서 지멋대로 눌리는게 좀 실망스럽네요,0
교체하는 핀도 들어있어서 편했고 설명이 잘 되어있어요,1
"좋아요. 보기도 좋고, 다만 봉 2개짜리에 비해서 회전이 잘되서 자전거가 잘 돌아가요",1
침대에서 책도 읽고 컴퓨터 작업도 하는데 독서대보다 훨신 활용도가 좋고 크기도 딱이에요,1
루어대 처음 사봐서 ...문의점있어서 톡 남겻더니 친절하게 상담도 해주시고 좋았네요 아직 사용전이긴하지만 사용전부터 기분좋네요 ~~많이 파세요,1
닭껍질이 완전 비추 비추 비추 비추,0
초침이 중앙에 안서요ㅜㅜ,0
생각보다 얇아요 이전에도 이런 디자인 썼었는데,0
"생각보다 괜찮아서 놀랐고, 바지가 작아서 교환했는데 상담원분이 너무너무 친절하고 빠르게 응대해줘서 좋았음.",1
튜브 귀여워요 아직 사용전인데 구멍 안나고 오래 썼음 좋겠네요,0
오우 차스타트부터 다릅니당,1
가방이라고 하기엔... 포대자루 같네욬ㅋ 사지마세요,0
색깔너무 이뻐요 배송도 굿,1
철이다긁혀있고 상태안좋네요 나사도하나는안드가고,0
포장케이스가 깨지고 뜯어진채로 왔어요.. 찝찝하지만 케이스파손은 본체에 이상이 없기때문에 교환사유가 안된다네요ㅜ 물건은좋아요. 큰애때부터 쭉 쓰던거에요,0
배송도 빠르고 가격도 저렴하고 무엇보다 품질이 너무 좋아요,1
일하시는분이벽걸이하나에2시간하고가셨어요 꼼꼼한게 아니라 숙련도 부족으로 분해 조립 하는데 한시간 넘게 소요함,0
6개 시켰는데 배송 관련 문제가 많았고 제품 불량도 두번이나 옴. 교환을 하다가 지쳐 나중에는 한개 취소했음. 다시는 여기서 구입안함,0
배 .빠르고 든든하네요,1
저는 터진거 하나없이 잘 받았습니다! 받자마자 하나 마셔봤는데 배음료같은게 아니라 진짜 과즙맛이라 좋네요,1
낚시좌대 깔판으로 사용할려고 구매합니다 하지만 엣지부분이 약하고 하루사용하니 찢어져 있네요 ㅠ ㅠ,0
가위는 일반 보통가위인데 시중보다 저렴하게 샀어요,1
다녹아서옴,0
모두좋아요 잘삿어요,0
기대를너무많이했나봐요ㅜㅜ,0
"달지않네요. . ,복불복이긴해도. .담엔 동남아가서 먹는거로~",0
어드밴스 블루 2080,0
짱 생각보다 단단하고 잘쓸거같아요 냄새도 안나고 빠른배송에 아직초기라 쓸일이 없지만곧 쓸거 대비해서 주문햇어요 후회없어요!! 잘쓸게요,1
몇개를 사는건지 이쁜건 가져야겠단 욕심이 크네요. 계속 재구매 중입니다.,1
"배송 잘받았습니다. Ps4용으로 사용하려고 주문하였는데, 성능도 만족합니다. 잘 쓸게요. 감사합니다.",1
식용유까지 챙겨주시고 감사합니다 ~~~,1
넓게 소독이되니 좋네요^^,1
안 벗겨지고 찰떡이라 너무 좋아욤,1
날짜와 요일 표시 되는 글자가 너무 적어요. 낮에 밖에서는 거의 안보이네요. 액정 사이즈도 그렇고 남자분들 보다는 여자분들이 어울릴꺼 같네요. 스마트폰 연동 어플은 쓸만하네요,0
어느정도 좀 두어야 강한 알코올 향이 빠지면서 제 향을 내는건 맞지만... 글쎄요 향이 원래 향수랑 비슷하다고까지 생각이 안드는것같기도합니다ㅠㅠ 리뷰를 보고 비싼 정품 향수랑 향이 똑같다길래 호기심에 너무 큰 용량을 샀네요,0
가격대비 좋습니다!! sjdjsksksosissiiddjfjfjksoaskskssksksosiwiwiwiwisjjs,1
배송 상품 모두 만족 입니다.. 많이 파세요....!,1
1회용 찌입니다 1회 사용후 배터리 꼽는 금속단자 바로 부서지내요 내구성 꽝입니다 예전 찌스전자찌가 아닌것 같네요,0
아직 관심은 없는듯 하지만 계속 쥐어주고있어요~,1
레이어로 입기 딱이엥ㅅ,1
다른 사이트에서 구매한 팔찌는 골드볼이 찌그러지거나 깨졌는데 여기팔지는 끈조절부터 골드볼까지 튼튼하고 편하게 잘착용하고 있어요~ 발찌도 있으면 좋을듯해요,1
탈색모라서 그런지 만족감이 없네여,0
모유수유하는데 애기가 먹는양보다 적은것같아서 시켰어요~ 양이 늘기를 바라며~~^^,1
다신 안삼 바느질 개판이네요. 싼게 비지떡이라 반품하기 귀찮아서 그냥 씁니다. 두개짜리는 그럭저럭 씁니다.,0
너무따뜻하고.편해요,1
왜좋은진모르겟어용...쿨링감은..좀잇긴해용,0
추천하고 싶지 않습니다.,0
친구 생일을 위해 준비했는데 독특해서 좋아하네요^^,1
배송기사님 친절하시고 전에 다른제품 샀다가 반품하고 고른제품이라 굉장히 고민하고 구매한 상품이예요 결론적으로 대만족이고 앞으로 가구 볼때도 여기부터 찾아볼거예요 튼튼해서 좋아요,1
저렴하게 샀는데 얇아서 물감하기엔 아쉬운 점이 있어요,1
편의점에서 우연하게 먹었는데 맛있어서 샀어요 짱 맛나요 배달도 빨라 좋네요,1
사진이랑 비슷하긴하나 큰 기대 ㄴ,0
평이 좋아서 샀는데 맛이 없어요,0
별로이무니다,0
잘 안발리고 뻑뻑해서 별로였음,0
구매 후 출조를 기다리는 애타는 마음이네요. 갑오징어.쭈구미 대로 입소문은 자자하니 저 또한 2020년 기대를 품고 구매했네요. 어복 충만장비로 기대됩니다.,1
너무 늦게 와요 거의 한달,0
여행갈때 가져가려고 급하게샀는데 냄새가너무심해서 못가져갔어요 페브리즈뿌리고 2주동안 걸어놨는데도 냄새하나도 안빠졌어요,0
재구매 이번에는박스파손이 좀심하네요.. 택배사가.. 돈받고할텐데..던지거나 대강하니안타깝네요.. 또사러올께요,0
망치에 구멍도 있고 제품 상태는 별로네요,0
마트에서 RC카 구매하고 나서 금방고장 나서 알아보다가 구매하였는데요 금액적으로 얼마차이 안나서 혹시나 했는데 정말만족 스럽습니다 재밌어요 하나더 구매할생각이에요 여친꺼두ㅋㅋ,1
사이즈xl샀는데 너무작아요ㅠ 못입어요,0
두께도 적당.!! 택배비가 착불이라..그건만 빼면 최고,0
빠른배송 감사합니다 하지만 홈페이지에 메인화면 제품을 사려했는데 다른 모델이 왔네요 물론 옵션을 저세히 안본 제탓이 크지만 옵션 선택을 좀더 잘보이게 해주었음 더 좋겠다는 생각이네요,1
"어린이집 낮잠이불 6만원정도 되는거 샀더니 자주 빨고 그래서 그런지 솜이 제각각 놀아서 새로 샀어요. 이건 안그럴것 같아서 사긴했는데, 아직은 모르곘어요. 그래도 푹식푹식해보이고, 촉감도 좋아서 애기가 좋아하네요.",1
"재구매 한번 구매했다가 좋아서 추가구매해요, 컬러도 괜찮고 질감도 좋고 접착력 좋고~",1
건조한 피부에 윤광 나려고 샀어요.파운데이션을 섞어서써도 더 밝아진 느낌은.. 나진 않아요.집앞나갈때나 이것만 쓰면 화사해보여요..,0
쪼금씩 나오나.. 정신건강엔 안좋음,0
제품도 디자인도 좋습니다,1
코로나 감안하더라도 너무한다싶은 최악의 배송. 주문을 받지 말았어야한다고 생각합니다.,0
후기가좋아서 구매했는데 맛있어요 사먹는거랑 똑같아욤^^,1
모기는 잘 못잡네요 ㅠㅠ 날파리는 잘 잡는듯 참고하세요 팬돌아가는 소리도 큰편입니다,0
생각보다 재질이 좋아보이지 않네요,0
한달이 지나니 소음이 발생항네요!!!,0
잘 샀네요~ㅎㅎ 정리 정돈이 잘 안되서 샀는데 이 틀에 넣어 보관하게 되니 너무 깔끔하고 좋네요 ㅎㅎㅎ많이 파세요,1
꿀최고! 추석 선물 뭐사드려야되나 고민 엄청하다가 꿀을 발견하고 싸서 두개 구입했는데엄청들 좋아하십니다 ! 적극추천입니다 !,1
오버핏이랬는데 왤케 작아요?,0
표면이 너무 미끄럽고 두께가 얇음. 딱 싸구려 1회용 수준..,0
깔끔하고 1키로 한번에 다 들어가서 넘좋아요,1
쓰기 편리하고 잘 안찢어져서 아주 좋음,1
광택도 좋고 발림도 좋고 내손톱도 연장손톱도 팁위에도 발림 아주 좋습니다 색도 선명하고 색표에 나온것 처럼 선명하고 이뻐요,1
좋아요 오후에 주문했는데 다행히 다음날 받았어요 아기 첫팬티. 순면100%로 샀어요 어린이집에서 삼각으로 달라고해서 여유있게 두세트샀어요 디자인도 넘 귀여워요~^^,1
유통기한이 2년정도 되네요. 배송 잘 도착했고 금액도 괜찮아요. 오늘 운동갔다가 먹을껀데 맛도 좋았으면 좋겠어요 .,1
선물했는데 인기많은상품이라서 좋아했어요~,1
그냥 그럭저럭 합니다,0
귀엽고예뻐요. 몇개더살게요.,1
스님닽으므스님거같늠,0
여행가려고 구매해서 3박 4일 여행을 다녀왔는데 정말 잘 들고 다녔습니다. 짐도 넉넉하게 들어가고 수납공간 (?)도 많아서 잘 활용했습니다.,1
겉면의 일부가 뜯어져있었습니다. 눈에 많이 띄는 부위가 아니고 귀찮아서 그냥 쓰기로 했어요.,0
좋아요 조금 비쌉니다 하지만 후기들 사진평들 보니 아직 설치 전이긴 하나 상당히 만족할것 같네요 튼튼하길 바랍니다,1
"편리하게 구매, 사용할 수 있어 좋습니다.",1
인스타 광고보고 호기심에 주문했는데 배송을 하루만에 왔으나 ㅋㅋㅋ 냄새가.. 속았네요 ㅋㅋㅋ 전 너무 별로였어오,0
"아주좋아요 경첩이랑 슬라이스도어 굿!! 가구냄새없고 제일 고민해서 고른 가구인데 가성비, 가심비 모두 좋네요! 주문한지 이틀만에 제일 빨리온가구 엄마집도 하나 추가 주문하려구요 수납도 좋습니다 배송기사님 엄청 친절하십니다",1
기대했던것보다 만족합니다. 설치도 쉽고 가격도 만족합니다.,1
배터리 충전 안되서 하루도 못썼습니다.,0
붙이는데 테이프 접착면이 같이 떨어지고 재단하는데 애먹었습니다.,0
생각보다 그지~~ 김서림이 완전하는 않은듯 십내요~,0
싱싱하고 간도 적당해요 익혀서 먹으면 맛있겠어요~,1
벽시계걸려고 사서 사용중인데 아직도 잘 걸려있어요.,1
가격도 좋고 배송이 아주 빠르네요... 다음에도 재구매 하겠습니다...,1
진하지 않고 은은한 향이에요,1
사진 보기보다 작음 가구 야간씩 휘청 뒤틀림,0
그저그래요 ...~~~~~~,0
무슨 배송이 열흘넘게;;;,0
솔직히 좀자주끊겼어요 멘붕올뻔,0
주문한지 일주일도안되었는데 왔네요 집에잘어울려요,1
이정도면 가성비 좋아요...배송도 괜차나요,1
각인도 깔끔하고 제작부터 완성까지 시간도 짧아서 넘 좋았어요! 좋은 상품감사합니다.,1
이불이 퀸사이즈인데도 깃털처럼 가볍고 좋아요 면도좋고 잘시킨거같아요,1
라인이 좀 짱짱해서 그런지 종종 아파요,0
좋아용 좋아요~~ 하ㅏ,1
해외배송이라 배송기간이 좀 걸렸지만 너무 만독합니다!!ㅎㅎㅎ 담엔 바디크림도 같이 주문해서 사용해야겠어용 ㅎㅎ,1
광고만큼은 아니지만 기대치 이하..,0
그립에 표시가 없어 센터 잡기가 어려워요,0
따가워요ㅠㅠㅠ 뭔가 그립감이 불편해요ㅠㅠㅠ,0
너무 무거워요. 거의 애기무게네요,0
스크레치가 있어 아쉽딘,0
다음에 또 사려고욥 위생때문에 팬티는 6개월마다 바꿔줘야한대요6개월마다는 못바꿔줘도 질이 좋아서 계속 여기서 살까해요 ㅋㅋㅋ종류가 좀 더 많음 좋긴하겠어요,1
할아버지 간식으로 좋아요 할아버지 간식으로 구매했어요. ^^ 두유랑 과채믹스랑 심심하실때마다 꺼내드십니다. 다른 설탕 많이 들어간 음료보다 안심하고 먹을 수 있어서 좋아요.,1
예뻐요! 배송이 빨라요,1
배송도 빠르고 디자인도 마음에 들어요! 원단이 부드러워서 꿀잠용으로 딱이에요ㅎㅎ다음에 다른 디자인도 사고싶어요!!,1
배송은살짝늦었지만 잘왔어요~,1
재구매 두개삿다가 넘 조아서 또사오,1
이게뭐죠 다깨져서 오고 하나다시배송해주세요 ㅡㅡ,0
서랍장 안쪽에 양옆으로만 필름 이 붙어있고 안쪽과 앞쪽에는 필름지가 안붙어있어서 까끌 까끌 나무가시가 많아요,0
잘 붙지 않아요ㅠㅠ 붙이고 다음날 봤더니 다 떨어져있어서 속상했어요ㅠㅠ 잘생각해보시고 구입하세요..,0
저는 제대로 차단이 안되네요..불량인가요?,0
잘쓰고있습니다 좋은거같네요,0
김치가 간이 아맞은데다 저장고에서 익은맛이아니예요 겉익어서 너무많이 셔서 찌게 끓여놔도 너무셔서 못 먹겠어요 걱정입니다 어떻게 처리할지,0
만족합니다 배송도 빠르고 가격대비 품절도 좋아요 좀 투박한 느낌도 있는데 신랑은 좋다고하네요 만족합니다,1
사이즈를 잘못사서 사용을 못하네요..,1
잘받았어요 이쁘네요 약간 노란빛도는 화이트입니다,1
와ㅡ 본품부터 샀으면 큰일날뻔;; 스펀지 퍼프라 뜨고;; 무슨 절개형이라 밀착력 좋다고 해서 괜찮을까 싶었는데 너무 별로예요,0
디자인이나 색깔은 깔끔한데. .너무 약하네요 조금 더 튼튼했으면 합니다,0
싸게사서 좋아요 배송빠름,1
18리터 흰색은 사출할때 검정 가루가 들어갔나봐요 군데군데 검은색 점이 보이는데 닦여지지는 않아요 사용하는데는 문제 없을거 같아요,1
핵이뻐요 색!! 역시 색조짱 스틸라ㅠㅠ 색 다 사고싶어여 정말..,1
소금이 빠졋더군요....포장때 확인좀 부탁드려요,0
미니밤호박이 덜 익은것을 따신건지 맛이 없고 어떤것은 못먹을 정도입니다,0
초등학생 친구들 생일선물로 좋아요,1
좋은 상품 빠르고 안전한 배송 감사합니다,1
심플하고 색 무난해서 아빠가 좋아하세요,1
16키로 조금안되게 들어있었어요. 잘 탑니다.,1
오늘 받았어여~~ 퇴근하고 집에가서 함 사용해 봐야겠어요~~~^^ 기대 됩니당!,1
저랑은 좀 안맞네요ㅠ 촉촉한게 잘 안느껴져요ㅠ 흰색으로 다시 구입해봐야 겠어요,0
봉이 휘어있었습니다.. 배송상의 문제인지 생산과정에서의 문제인지 위에 끼우는 봉이 한쪽으로 치우쳐저 있네요ㅠ 교환하는 과정이 번거로와 그냥 쓰려하지만 앞으로 확인 부탁드려요ㅠ,0
재구매 저번에 사고 너무 좋아서 재구매해요,1
장에 좋은거 같아요..감사해요,1
포장도 대충해수 보내주시고^^.. 하나는 깨져서 스프레이액이 다 새서 다른거에 다 뭍고...하나는 아예 빈 깡통으로 오고 너무 하시는거아닌가요ㅠㅠ 다신 안사요..,0
나름 가격대비 무난하네요 ㄴㅅ,1
재구매 항상 주문함.. 쿠폰 사용유무를 알수 있었으면 좋겠음,1
"배송 진짜 마음에 안듭니다. 택배기사님은 전화도 없고 집앞에 물건 던져놓고 가시고, 포장상태도 별로. 조금 더 신경써주셨으면 더 기분좋게 받았을거 같네요 ㅠ",0
포장상태도 좋고 배송도 빠르네요. 안주류로 좋아요,1
가성비좋고 싱싱하고 포장도꼼꼼하고 다좋아요,1
사이즈가 너무 생각보다 작네요,0
재질도 안좋고 찌그러지고 모양이안이쁨 아이도이상하다며 안씀,0
재구매 박스가 2개가 오픈되어있고 각봉지 마다. 1봉디씩 없습니다.,0
칼자국이 많이 나네요 별로에요,0
좋을 것 같아오 아직 안써봄,1
배송도 하루만에 오고 높이조절이 마음대로되어서 좋아요. 잘 산것같애요,1
양에 비해 너무 나 비싸요.,0
두께도 있고 바퀴도 있는데 아래부분이 약간 작음,1
배송 기사님은 너무 친절한데 높이가 낮아서 별로에요..,0
뚜껑이 잘 안닿여요,0
수저 정리하기 너무 좋네요~~ 디자인도 정말 이뻐요 ^^,1
바쁘다보면 문제가 생길수있지만 사후처리가 너무 미흡합니다.다른 고객에게는 약속한만큼의 답변은 꼭 주시길 기대합니다.,0
배송이 너무 오래걸립니다.,1
두께가두껍지는않지만 포근하고좋네요,0
계란좋네요 수고하셔요,1
세련되고 사이즈도 턱받이 하기 조아요,1
배송느림 제품하자,0
역시 뜨네요ㅋ돈아까움,0
안경김서림 결정적으로 올이 풀림 이따위물건을5000원에 산 내가 덜떨어진 놈이지 절대사지마세요 휴지로도 못쓸물건임,0
잘 도착했네요. 상품은괜찮아요. 색상도 괜찮고 공기도 적당히 들어가 있고 오래 쓰면 좋겠네요.,1
완좋아요 신발수납이 간절했는데 좁은공간 깔끔하게정리되고 보기도 너무 좋네요 진작 알았음 더 좋았을껄 암튼 더 사려고합니다,1
선물로 받았다가 천이 톡톡해서 출산선물로 저역시 구입했습니다 사이즈도 크고 면소재라 맘에 드네요 친구도 맘에들어했으면 좋겠네요 천기저귀는 다용도로 쓸 수 있다니 더 맘에 드네요,1
생목이버섯이 별로 신선하지 못해서 아쉬웠습니다,0
맘에 듭니다. 색상도 마음에 들고 가벼워서 신기 좋습니다. 가벼워서 신기 좋아요~~~ 추천합니다. 추천~,1
개안네여 .....,0
상품 포장상태가 엉망이네요 다 찢어진 박스를 굳이 굳이 테이프로 엉성하게 감아서 보냇네요ㅋㅋ안에 뽁뽁이도 찾아볼수도없고 그냥 딸랑 샴푸만 넣고보내네욬ㅋㅋ상자값 뽁뽁이값 아껴서 재벌되세요~~~,0
배송 배송업체 바꾸지 않을꺼면 팔지마세요. 연락하나없이 경비실에 맡기고..제가 배송비 안냈나요?심지어 택배비도 따로냈는데요?,0
완전히 피부에 밀착되지 않고 겉도는 느낌이네요,0
깔끔하고 스마트커버 기능 잘되고 자석 기능도 참 좋아요,1
어머니께서 꾸준히 드시는데 속이 편하시데요,1
녹두죽 좋아해서 집에서 만들어 보려구요~ 맛있으면 좋겠네요,1
디자인은 예쁜데 배송이 너무 오래걸렸어요. 받자마자 단추가 2개 떨어져서 다시 꿰맸네요. 원래 이런 제품인지.. 가격이 저렴하니 일단 감안하겠습니다.,0
흐물흐물~~~~너무너무 흐물거려요,0
솔직히별로에요 아디다스문양이 스티커고...재질도 완전 얇아요,1
인스턴트 맛이 너무 강한듯해요. 짜기도 하고.,0
매일 봉지를 챙겨서 다녔는데 리드줄에 묶어서 다니니까 편하고 좋네요 진작 살걸 그랬어용 ㅠㅠㅠㅠ,1
너무 가벼워요~ 받침대에 힘이 없어요,0
"음 궁금해서 시켜봤는데 맛은 그냥 그래요 궁금하면 한번 사먹어볼만한 맛,,,",1
늘 먹는 견과류 좋아요,1
넘 작어요,0
배송이 너무늦었네요ㆍ,0
폭이 크다고 해서 샀는데 스타킹이랑 달라붙고 원단도 얇아서 배랑 힙 라인 다 드러나네요ㅡㅡ 팔길이도 짧아서 상체가 살집있어보여요 평이 좋아서 두개나 구매했는데 별루에요ㅠ,0
고민하다 그레이샀어요 아이보리도 사고싶어요~ 구두240신는데 한치수크게 주문하란 평이 많아 245했는데 잘한것같아요,1
배송 누락 응대가 형편 없습니다.,0
물론 사이즈 확인 제대로 못한 제 잘못이지만 너무 심각하게 낮아요ㅠㅠ 밑에 반바지 걸면 바닥에 닿고 위에 수건 걸면 아래 보조건조대에 닿고ㅠㅠ 1인용x 속옷용o,0
레알. 비싼이쁜쓰레기 초파리하나못잡는다 코앞에있는데 설마해서 다른제품 저렴이도같이샀는데 거기엔 초파리뿐 아니라 이상한큰 벌레도잡혔는데 대박이다. 이쁜 쓰레기 이뻐서 봐준다,0
제가 원하는 상품이 아닌것 같아요. 도마가 딱딱하네요. 구매한거니 잘 쓸께요.수고하세요,0
시원하고 크기도 넉넉하고 좋아요!,1
감자가맛있어서 주문했는데 당근은 실망입니다 뜯자마자 상한 아이들이 몇개 있었구요 신선하질않아 좀 별루네요 감자는 여전히 맛잇어요,0
"쉽게 먹기편한거 말고 맛도 양도 질도 다 별로에요 게장을 먹는다는 느낌보다 양념장으로만 느껴지네요 배송 엉망이었고, 이거야 뭐 실수가 있을 수 있으니.. 근데 상품은 궁금증에 한번은 먹을까몰라도 두번은 안먹을래요",0
편하고 얇아서 여름에 딱인듯요! 배송도 빨라서 좋습니다.,1
잘받앗어요 잘받앗어요,0
"디자인, 착용감 모두 좋습니다",1
좋아융 항상 주문해서 쓰는데 다른데 보다 좀 더 저렴해서 샀슺니다 많이 파세요 싸게 잘 샀습니다 ㅋ,1
항상 쓰던 제품인데 잠시 판매가 닫혀서 기다리고 있었어요. 확실히 다른 곳보다 질이 좋아요.,1
"아이들이 넘 좋아해요. 학기 시작이라 풀이 필요했는데, 센스가 넘치는 풀이라 사봤어요. 넘 예뻐요!",1
수분감도좋고만족합니다담에구매할께오,1
진작 살걸 후회 되네요~ 두개 더 구매하려구요^^,1
까끌거리구ㅜ움직이고ㅠ최악이어요ㅜㄴ,0
4가지를 구매했어요. 배송도 어느정도 괜찮았지만패디팁은 함부로 붙이거나 잘못붙였을경우에는발톱에 손상이 너무도 큰거같아요.,0
상자 어디 하나 부서진곳 없이 깔끔하고 빠르게 배송되었습니당,1
아직 먹어보지않았지만 평범하겠죠? 명란젓 제외 다른젓갈은 너무별로네요,0
화력이 탁월합니다~블랙이 고급감도 있고,1
중학생이 하기엔 너무 힘도없고유치한듯요ㅠㅠ,0
아이들이참 좋아합니딘. 잘키울께요,1
잘되는거같아요!,1
유통기한이8월8일꺼지가옴... 황당그자체 2달도남지않은 조금있으면 버려야될 상품 같지도않은것을 보내줬음....뭐이런그지같은경우가 여기서사지마세요!!!! 쓰레기물건보내줍니다,0
최고최고~!! 빠른 쿠폰발송 너무 좋네요~ 잘쓸게요^^,1
슬림한 거 좋아하는데 어깨부분도 딱 맞고 넥부분이 답답해 보이지 않아서 좋습니다~,1
배송도빠르고잛받았어요,1
옷걸이 스테인리스?부분에 검은 점박이들이 있어요.. 아무리 걸레로 닦아봐도 지워지지 않네요교환 귀찮아서 그냥 쓰지만 재구매 의사는 없어요,0
오랜만에 먹어보니 옛날맛 그대로네요~,1
링은 귀가 두꺼운 사람은 못 낄 거 같아요 선물로 줬는데 겨우 끼웠다구 하더라구요,1
저렴해서 샀었는데 단맛이 하나도 없고 축축해서 다 버렸네요 숙성이 덜 된 탓인가 해서 숙성도 시켜보고 했는데 맛이 없어서 하나도 못먹었어요,0
기대 이상이며 아주 훌륭합니다~,1
다신 인터넷으로모자는 사면일될듯요,0
사용 몇일만에 아래 버튼이 뜯어져서 못입어요.. 세번입혔네요,0
손톱깎기가 잘 벌어지지 않아서 사용하기 불편해요. 손이 안 가게 되고 거의 안씁니다.,0
한개가 바퀴가 깨져서 왔어요. 귀찮기도 하고 급한대로 그냥 반품하지 않고 씁니다..,0
이거 있으니 운전교습 잘 받을꺼 같아요.,1
심플하니 넘 좋아요. 가격도 저렴하고 작다 느꼈는데 막상하니 괜찮네요.,1
바느질이 허술해서ㅡㅡ세탁도 하기전에 소매부분 실밥이 터져서 풀렸어요,0
별로 추천하고 싶진 않네요.한번입으면 보풀이 너무 많이 생기고 일딴 속옷이 비춰요. 2번이상은 못입을거 같아요,0
엄마가 좋어하시네용 많이파세용,1
ㅊㅊ 조아욫츄츄천합니다 강아지카시트 방석도 삿어서 재구매해씁ㄴ다 추착합니대 ㅇㄱㄹㅇ ㅂㄷㅂㄱ 추처,1
아주 마음에 듭니다 빠른배송은 덤이구요 튼튼해 보여서 너무 좋아요 다음번에도 이용할께요 감사합니다~!,1
사람 줜나 열받게하네 진짜.. 다물아라 니도 입만열면끗이다 내부르지마라 그리고 니 언젠간 한번 두고보자 진짜 내가 지금 긴가민가해서 참고 넘어가는거지,0
재구매 전에 맛있게 먹고 다시 주문했어요,1
잘 늘어나요 빨면 다시 줄어들어요 길이가 좀 짧아요,1
"올뉴쏘렌토차량, 보완할점이 많아 보이네요. 차량들 대쉬보드틀에맞게 상품군을 개발하셔야 할듯해요. 가격도 애매하고, 뭔가 아쉽네요.",0
추천안해요 생각보다향도강하고 보습도별로인것같아요 그러니깐생각잘해보시고구매하시길 그냥싼맛에사는것도나쁘지않음,0
이사하면서 새로구입했는데 제품 좋습니다. 실제로 받아보니 마감이나 제품 퀄리티도 만족합니다.,1
바지 25~26입는데 작은느낌,0
남자가 입기 완전 좋아요,1
고급지고 맛있어 보이네요.,1
네이버페이 결재시 포인트 적립 되는줄 알았는대. 환금성 상품이라 구매적립이 일체 안된다고 합니다. 이럴줄 알았으면 평소대로 티멤버*으로 살걸 그랬어요. 요즘 상품권 제값 주고 주는 사람이 어딨나요.,0
냄새 너무심함 재질도 그닥,0
로고가 귀여워서 산건데.. 목사이로 들어가서 로고가 안보임;;,0
역시 값싼건 값싼 값어치를 해...잘 씌워 지지도 않고 씌워도 주루룩 흘러내려서 캡이 중간에 가 있음...고로 전혀 쓸모 없는 제품임...,0
재구매 전에 주문해서 먹어보니 괜찮아서 재주문했는데 사차인치가 너무 새까맣게 타있어서 바로 쓰레기통에 버렸어요 같이 주문한 브라질너트는 신선하고 좋은데 말이죠 쓰레기통에 버린 사진을 미처 못찍었네요,0
한달정도 지나니 열선이 약해지고 끊어짐니다,0
원한 상품이 아니였습니다ㅠ,0
"값이 사다고 수입해서 판매하지말았음 좋겠네여.다이소에서는 비슷한걸 5000원에 판매하든데 가격도비싸고,한번펼쳐봤는데 그담에 펼치니까 작동이 안되어 어이없어 쓰레기통으로 직통했네요 싼게비지떡~.",0
원단도 너무 얇아서 속옷 다 보임 길이도 짧아서 7-8부 정도 되는듯(큰키아님) 허리끈도 짧음 박음질도 약함 환불할까 했는데 바지가격만큼이라 그냥 둠,0
스트레칭 하기에는 좋지마 종아리는 정말 다리얇은 새다리만 들어갈거 같습니다,0
종류도 많고 잘 사용하고 있습니다,1
3단계 쓰다가 애기가 커서 4단계 주문합니다,1
다 맞추고 액자에 넣으니 보기 좋네요.,1
한번 쓰고 고리가 떨어져서 무용지물 됐네요....,0
아주 잘쓰거 있어요 편히 쓰기 좋아여,1
빠른배송 좋고 전용 리무버필수상품이에요,0
재구매 항상 신는 비비오 구두라 또 구매했어요ㅎㅎ 맨날 높은 굽만 신다가 근무할때 신으려고 낮은굽으로 사보았는데 너무 좋아요! 굽이 뾰족굽? 이아니라 넖은 굽이라서 더 편한것 같아요~ 재구매 의사 있습니당!!♡,1
편하네요 하지만 속도가 조금 느려져요,1
교정 일반모 샀는데 너무 억세요 진짜아파요 잇몸 날아갈것같네요 참고하시고 슬림모사세요 꼭,0
집들이선물로 샀어요 포장 고급지네요^^,1
상품은 잘받았어요 근데 상품 두개를 주문했는데 배송비는 따로 받으면서 상품은 합배로 왔네요 이런 경우가 어디에 있는지.. 좋은 상품 구입하고도 기분이 나쁘네요ㅜㅜ,0
다른고기들은 잘먹었네요.. 근데 차돌박이는 버릴부분이 거의다네요ㅜㅜ,0
퀵보드에 호환안됩니다 완전하자입니다,0
비싸요 ...비싸..,0
재구매 봉사활동갈때좋아요 굳,1
색깔 안빠진다고 하셨잖아요 색깔 다 빠지는데요?,0
오늘 받아서 쓰고 있는데요 고무 냄새는 좀 나네요.,1
꼼꼼하게 포장해주시고 배송 빨라서 안전하게 왔네요. 만족,1
냄새가 너무너무 심해서 잘안빠져요ㅜㅜㅜ,0
짜지지가않고 그냥뭉그러져요,0
다 좋은데... 양고기....냄새가 너무 나요....ㅜㅠ 양고기 좋아라하는데 이건 못먹겠어요..ㅜ,0
다양한 종류와 가격에 만족합니다,1
중요한자리에서 마셨어요 병이이뻐요,1
리뉴얼 전이 낫긴한데 이것도 좋아요,1
버티컬 아랫부분 플라스틱 11개 고리 끼우는 부분이 다 부서져서 왔네요.,0
밴딩이 너무 느슨해서 조여주질 못하구 사이즈가 작아서 얻어입힌것 같아요 ㅠㅠ,0
효과는 그다지 의미 없네요,0
컵이 작네요 ㅠㅠ,0
물 무처서 좀쓰다보니 박음질부이가 터저서 버렸네요,0
좋습니다. 빠른배송 감사해요,1
여기 의자를 다시 사는 일은 없을겁니다. 의자 그 자체로는 괜찮지만 배송상태와 여기져기 긁힌걸 그냥 주는건 새상품을 파는방법이 아니라고 봅니다.,0
안전하게 잘 배송되었고 아직까지는 차나 커피만 먹고있는데 다용도로 사용할수있을것같아서 좋네요,1
회사에서 사용할려고 구입했습니다. 다리가 불안한 감은 있느나 일반 싱크대와 동일합니다. 잘 사용하겠습니다.,1
각도 맞추기 어렵고 한번쓰고 다신 안쓸거같아요 하...,0
배송도 빠르고 뽁뽁이에 안전하게 왔네요 사은품도 주시고 좋아요 불량없이 인식도 잘되네요,1
솔직히 티비나온처러럼 그렇게 까지맛있진 않네요,0
싱싱하고 좋아요. 크기도 크고 맛도 좋네요. 담에 또 구매예정입니다. 크게 무르거나 상한건 없이 잘왔어요.,1
새로 이사 온 집에 바퀴벌레가 보여서..바로 주문했는데...요즘은 거의 보이지 않습니다. 그래서 개인적으로는 만족합니다^^,1
재구매 상품은 그럭저럭 서비스가 엉망이네요,0
잘 받앗어요...맘에 안 드는데 그냥 구매확정 할께요,0
아기 기저귀 가방 으로 끄려고 구매했는데 가볍네요. 그냥 그가격 퀼리티정도.편하게 쓰기 좋아요 글구 주머니 많아서 좋네요,1
그럭저럭 먹을만해요,0
배송도 빠르고 가격도.싸고 매우좋아요,1
간편하고 빠르고 좋아요!,1
배송도 빠르고 화분도 튼튼하고 좋아요~ 배양토도 정말 부드럽고 깨끗해서 채소들도 쑥쑥 자랄 것 같구요 토마토 모종이 있어서 바로 심었는데 뿌듯하네요,1
옷에는 XL라고 되어있고 텍에는 M이라고 되어있네요 불량이 아닌가 싶네요..,0
일반 탈모빗과 같으나 빗과 플라스틱사이 공기구멍으로 물이들어갑니다 쓰고 항상 안말려주면 곰팡이가 생길것 같습니다 가격이랑 배송은 만족합니다,0
맛있습니다 에어프라이어에 돌려서 먹었어요,1
재구매 수미감자 2번 삿을때는 깨끗하고 파실파실 했는데 오늘 온건 지져분하고 물감자 인듯. 맛도 별로임. 오자마자 쪄봤더니 파실한것도 없고 완죤 물감자네요,0
큰택배 박스에 깜놀했지만 안전한 이중포장 감사합니다~^^,1
잘사용할께요~♡ 저렴하게잘산듯해요~♡ 예쁘게사용할께요~♡ 딸이 첫월급타서 사준거라 더좋아용~~~♡ 잘사용해서 젊어질께용~♡,1
이빨닦기가 굉장히 편해졌어요,1
가성비 최고!!! 싸고 좋습니다. 예전에 산 8천원짜리랑 다른 점을 모르겠네요. 품질 좋고 가격 싸고 그냥 최고에요,1
집에 전선정리가 쉬워졌습니다! 여행갈때도 편해요 ㅎㅎ 좋은 제품 감사해요!,1
지금 사용한지 한달도 안됐는데 잘 사용하다가 갑자기 유선충전도 무선충전도 안되네요 보조배터리 충전도 100%로 충전해서 LED불도 들어와있는데 무선 인식도 안되고 유선도 반응이 없어요 제품 수명이 한달도 안되는건가요? 괜히 산 느낌이네요,0
배송은 느렸고 스틱은 가늘어요,0
후기보고 사용해봤는데 저하고는잘 안맞는듯 하네요 가기질 제거 느낌이 거의 없네요ㅠㅠ,0
좋습니다. 선물로줬는데 향이 엄청좋다네요!! 남자향수로 적극 추천합니다!! 향도 오래가고 좋아요~~^^,1
아기 보냉파우치 엄청 검색해보고 비교해보고 구매했는데 정말 맘에 들어요 각진 네모 파우치로 구매할까 했었는데 원통형이고 보자기형태라 자리도 안차지할거 같아요 많이 크지 않아서 저는 더 좋아요 파우치도 너무 예뻐요^^ 맘에 듭니다!!!,1
중간에 천이 찢어질랑말랑하고 가루같은거엄청나고 플라스틱부분 오염도많고 맘에 안드네요,0
배송잘왔고 좋은데 양말을 투명봉지안에 넣어서 택배 비늴에 넣어줬으면좋겠어요 택배봉지 안에 바로 양말넣어서 너무 비위생적이에요,0
포장이 제대로 안되어있네요. 실망스럽습니다 맛자체도 비린맛이 강해서 재구매 의사는 없습니다,0
제품이 그냥 그냥 그래요~,0
정말정말 잘샀습니다 고양이도 거부감없이 들어가고 산책하기 편합니다ㅠㅠ,1
배송은 잘되었어요 기대하고 먹는 중이에요,1
최고 잘사용 할께요......,1
가격대비 질감 좋아요 색깔은 생각보다 진해요,1
배송이넘느립니다~ 문자에답장도 일주일있다가하고...,0
아직 먹어 보진 않았지만 믿고 구매합니다^^,1
아침 식사 대용 엄마가 아침 식사 대용으로 드시는데 기존에 먹던걸 다 먹어서 다시 주문했습니다~ 미숫가루 같은데 우유에 타먹으니 다 고소하고 좋아용,1
재구매 새콤달콤 제가 먹어도 맛나요 ^^,1
한달이 지나니 다시 줄눈이 벗겨져요 ㅠㅠ 다시 지저분해져서 많이 속상합니다.,0
어제 사용해봤어요 피지가 잘안빠지네요 다른데서 삼단계로 피지빼는게 좋아서 똑같이 효과좋을거라기대핬는데 아쉽네요,0
친구랑 자취하는데 필요해서 구매하게 됐어요 너무 필요한 제품 이였는데 가격도 좋고 제품도 좋게 구매합니다 배송도 빨랐어요 다음에도 여기 사용하고 싶네요!!,1
진짜 너무너무 맘에듭니다. 진심 제가 올여름안에 무조건 재구매각입니다 믿고 사세요 진짜로!!!,1
필름시공이라 그런지 잘 울고 벽면 굴곡에 따라서 거울 역활을 제대로 하지 못함,0
"액정교체후에 작동은 잘 돼는데 근접센서가 먹통이네요,",0
아ㅠㅠ잘못사긴 햇는데 잘왔어요,1
마감좋네요 가격도 좋고 마감도 좋습니다. 기존키에 장착했을때 잘 장착되고 맘에 듭니다. 잘 사용하겠습니다.,1
너무 작고요 침이 짧아요,0
맛있다고 얘기만 들어보고 직접 먹어보는 건 처음인데 맛있네요,1
부러쉬 털이 마니 빠져요 ㅠㅠ,0
비닐이 터져왔어요 ㅡㅡ 압축기도 불편 ᆢ제가 잘못 쓴건지도 모르죠 청소기로 하면되는데 비닐이 터져요,0
중양파가 너무 작아 배송오류인줄 알고 교환했는데 마찬가지네요. 누가봐도 작은 사이즈인데요. 믿고 구매한 제 잘못이네요 역시 생물은 직접보고 구매하는게 답이네요,0
아주 화가납니다 포장상태에,0
규격이맞지않아서진짜엄청고생결국두군데만,0
마감상태 불량 반품하려다 그냥 쓰네요,0
사이즈도 좋고 길이도 좋네요,1
택에서 빼자마자 휘어지는.. ㅠㅠ 돈 날렸어요..너무 연약해야...그냥 열어서 뺄려한건데...,0
재구매 제가 쓰려고 구매했다가 아이가 자기도 쓰고싶다고해서 재구매했어요.잠도 잘오고 편하고 푹신합니다. 추천이요,1
으 코스트코에서 산 프리미엄 두루마리는 안잠기네요ㅠㅠ아..좀쓰다가 닫아야할듯,0
디자인이 넘 예뻐요~ 공간도 여유 있고 좋아요^^ 신발장 기능도 있지만 중문이 없는 현관에 시야 차단을 위한 목적도 있어서 여러모로 만족합니다,1
산지몇일되지도않아서 세일하네요 재구매 안할래요,0
향기도 괜찮고 쓸만해요.. 일단 엄청싸니깐요.. ^^,1
앞으로 많이 써볼게요.,1
이쁘게 꾸미고자 하신다면 비추에요...,0
빠른배송감사요..일단은 써보진않았지만 잘될꺼라고 믿어요..,1
여권커버에 붙은 스티커가 문제네요,0
싱겁고 그냥그저그래요,0
너무 별로네요.. 계속 빠져서 고정이 안되요,0
암막 잘되고 배송도 빠르고 설치도 쉬워요,1
조카가 인싸인형이라고 생일선물로 사달라해서 샀어요 ㅎ 배송도 빠르고 좋네요. 초딩들 사이에서 유행인가봐요 ㅎㅎ,1
사진과는 달리 스푼 크기가 작아서 아쉽네요,0
사이즈가 생각했던거보다 좀 작아요. 맛은 있어요,0
입고 난 후 후기 : 존나 껴요 진짜 존나 낌 걸을수가 없음 너무 껴서 하..돈아까워 질염걸림 너무 껴서 안낀다고 적어놓으시질 말던가ㅠ알아보니 심리스 팬티는 다 낀다고 하네요 작거나 크게 산거 절대 아니고 걸으면 거시기부터 똥꼬까지 다 낍니다,0
저희 어머니께서 갱년기로 두유 찾다가 구매했어요 아주 좋아하십니다,1
가성비좋아요. 면세점에서 살거없어서 구매했었는데 가격대비 커버력 등 괜찮더라고요. 그래서 리필 또 구매해서 씁니다. 건성피부라 매트하지않고 촉촉해서 좋아요.근데 이번 23호는 커버력이 조금 떨어지는듯하네요.같은건데 왜이럴까요..,1
재구매 포장이 잘되어 새우가 살아 있네요,1
얌얌 손님 온다해서 주문한 양고기! 손님들은 처음 맛 본 양고기! 매우 만족하시면서 갔네요~ 꼬치에 안 꼽고 그냥 솥뚜겅에 올려서 달달 구워서 먹었는데 아주 좋아요.,1
무슨.단추가 입고 기저귀. 2번째가는데 툭빠지나요???,0
반품 번거로워 그냥 둡니다,0
효과는 잘 모르겠지만 분사가 넘 일정하지 않아요 분무기 노즐이 뭉쳐 나와요,0
재구매 선물드리려고샀어요. 써보니 너무좋아서 선물하려고 샀어요 튼튼하고좋아요,1
"재구매입니다. 화이트머스크 향이 더바디샵 못지 않게 조화롭고 좋아서 또 샀어요~ 시향지를 편백향으로 보내주셨는데, 이 향도 출시되는 건가요? 나무향 원래 좋아하긴 하지만, 이 편백향 특히 너무 좋네요! 다음에도 재구매각-",1
ㅅ 중성인데 물먹인 퍼프로 바르면 속광나고 지속력도 좋아용 ㅇ지베르니 밀착파데 잘 맞으신 분들한테 추천이요 비슷한느낌,1
튼튼하고 붙박이장 정리에 유용해요 그런데 조립할때 손가락이 아파요 ㅠ,1
선물용으로 딱이네요 좋아요,1
물끊일때 밑부분이 새는것같아요,0
설치가 편하고 가볍습니다. 1분이면 설치가능,1
그냥 저냥 쓸만해요,0
제가분유를잘못시켰지만~~유통기간은맘에들어요,1
촉촉한건 맞는데 유분기 때문에 저하고는 잘 맞지 않았어요 애들한테 써도 괜찮긴합니다,0
라떼로 해먹으니 너무 좋네요ㅜㅜ 커피가 너무 마시고싶은데 대리만족하고 있어요! 다 마시면 또 사러올께요^^,1
상품평보고 간단한 조립일것같아 구매했는데.. 몇개 구멍 빼고는 잘 안맞아서 넓힌다음 해야했고 망치로 치면 페인트칠 벗겨지고 .. 여자 혼자 조립 쉽긴한데 구멍 넓히고 하다보니 시간도 꽤 오래 걸렸어요.,0
걍 그래요 막 쓸용으로 구매했는데 아무리 버튼을 눌러도 온도가 안내려가네요;; 불량품인건지;; 귀찮아서 그냥 씁니다,0
이런 상담을 오프라인으로만 보다가 비도 오고 해서 그냥 처음으로 온라인 상담을 받아봤거든요. 깜놀했어요 진짜로.,1
정말 엄청나게 튼튼하네요 짱짱하고 예뻐요,1
색깔이 섞여서 올줄 알았는데 6알 구매했는데 4알이인기없는 녹색 2알만 분홍색으로 배송됐습니다. 색깔 때문에 사는 볼인데 섞어서 줘야하는거 아닌가요.,0
두번입고 지퍼 고리들 모두 떨어짐 남편이 내다 버리라고,0
편하고 부들부들 좋아요 다음에재구매해야겠어요,1
금요일날 주문해서 화요일인 오늘 받았습니다. 홍시를 넣으실꺼면 위에라도 넣어주시지. 완전홍시 세개에 무른것도 많고 엉망이네요.,0
화면에서 보던 내용이랑 같아요~,1
맛은있는데 비늘이 안벗겨져있어서 불편하네요,0
"운동복, 수건도 사용할수없네요.",0
재구매 싸구려...중귝산..,0
죠아짓다 진짜 너무 좋아 진짜 너무 좋아 진짜 너무 좋아 진짜 너무 좋아 진짜 너무 좋아 진짜 너무 좋아 진짜,0
생각보단 코팅력이 금방 없어져요 쓰면서 아 괜히 비싼돈주고 전문가가 있는게아니구나 싶었고 시간을돌린다면 이걸로 돈낭비 시간낭비 안하겠어요..,0
감사합니다. 감사합니다.,0
가족들이랑 먹을려고 샀는데 저건 찝찝해서 못먹겠네요 ㅋㅋ 안에 같이 포장되었던데 언제 환불하고 교환해요 그냥 버렸어요,0
싼게 비지떡이라는데... 풍량은 그렇고 무게는 가볍고... 리모콘이 있어서 그건 편합니다,0
남자친구랑 커플모자 맞췄는데 제가 두상이 많이 작은편은아닌데 저한테는 컸어요 ㅠㅠ 하지만 이쁩니다 ㅋㅋㅋ 이뻐요 남자친구는 베이지 저는 블랙했는데 남자친구모자안어울리는데 예쁘게 잘맞았어요,1
처음사봐서 아직잘모르겠지만 좋아여,1
조카사줬는데 맘에들어하네요,1
재구매 1~2개 빼고는 아주 잘 타요,1
편리해요 통째로 버릴수 있어서 편해요,0
늘 사용하는 제품입니다. 배송은 너무 느려서 취소할뻔했어요.,1
접착력 너무 안 좋아서 자꾸 툭툭 떨어져서 그냥 버렸습니다.,0
세탁하자마자 세탁기와 함께.. 다 뜯어지고 난리났네요ㅠㅠ 타사꺼는 약한모드로 다 세탁해서 쓰는데.. 제 잘못이죠. 절대 세탁기 돌리지 마세요...,0
압이 너무 약해요... 싱크대 문짝도 감당이 안되네요 ㅠㅜ 넉넉하게 구매해서 문짝 하나에 두 개씩 달았어요....,0
그냥드론대로쓸만함니다,0
다른 팬티라인보다 피부트러블이 안생기는것 같아요,1
잘지워져요 ~^^ 향도좋고 거품도잘나고 뽀뜨커리는느낌은없ㅇㆍㄱᆢ,1
배송이 빠른건 좋네요 다만 상품 판매에 대한 섬세함?? 포장도 그렇고 제품을 넣어준것도 ..그다지 가격대비 그냥 만족하고 잘쓸게요,0
에휴...다들 이거 보고 살지말지 결정하세요~ 사자마자 뜯어서 놓는 순간 저렇게 투두둑 튿어짐...(쓰레기도 담기 전),0
가격적인 메리크는 있는데 배송은 음 그냥 적당히 왔고 포장은 허술했습니다,0
물건은 좋은디 아직 몰르겠고 배송은 빵점이네요 개봉하자마자 질질,0
냄새가안가심 된장 월계수 갖은향신료 넣고 끓여도 냄새안가심,0
확실히 견고함이떨어지네요 캡사이로 물 흐를수있으니 조심,0
숙성ㅅㅣ켜야겠어요 ~ 바로뿌리니까 긴가민가 했는데 시간지나니 좀 맞는 것 같네요,1
애가 거들떠도 안봐요 안에 간식 짜주고 넣어봐도 돈만버림,0
맛나고 좋아요~~~~~~~~~~!!!!,1
상품평이 좋아서 주문했는데 고추가 질겨요ㅜㅜ,0
파손되어서옴ㅠ 와이어가 다 휘어져있어요,0
충전이 될때도 있고 몇일씩 안될때도 있음. 이유는 모르겠음. 여름에는 대시보드에 설치한 경우는 사용이 어려울듯. 최고 기온 19도인 날 폰 온도가 높아 자동 충전 중지한다고 메시지 나타나면서 충전이 안됨. 폰은 노트9 임.,0
배송도 빠르고 꼼꼼히 포장되어서 왔습니다. 감사합니다.,1
배송도 빠르고 장착해보니 올뉴k3는 대쉬보드가 평평해서 들뜸도 거의없고 아주좋아요 한가지 아쉬운점은 가죽이라 앞유리에 반사가 조금 되는데요 그래도 백프로 만족합니다 ...,1
아주이뻐요. 더할나위없이 아주 이쁩니다.,1
어른용으로 산거 같은데 수저젓가락이 짧은 느낌입니다. 그리고 과대포장이 심한거같아요,0
일반인이 하기엔 조금 진입장벽이 높은 거 같아요,0
색들이 다 사진이랑 달라요 파스텔계열로 샀는데 전부 다 형광이에요,0
언니말대로 언니말대로 이루어지면 좋을것같아요 정말 ㅎㅎ 나중에 저도 후기들고 오는날이 있었으면 좋겟어용 조만간 또 올게욤,1
이뻐요 한사이즈 크게 주문하는게 더좋아여,1
냉장고에 넣었다가 카시트 이용시 사용했는데 생각보다 시원하지도 않고 아기등에 땀이 차네요 그냥 샀으니 써요,0
맛있어요~ 어릴때 많이먹어본 불량식품? 쥐포 맛이예요 ㅎㅎㅎ맥주 안주로 괜찮아요 ㅋㅋㅋ^^나중에 구매하게되면 몇개 또 사려구요,1
손에 딱 맞습니다. 완전 만족합니다^^,1
진짜 너무 허술하네요 사지마세요,0
맛있습니다 ~ 처음 사서 먹어봤는데 맛있어요 ~ 사기전 후기들이 짜다는 말이 많아서 걱정했는데 제 입맛엔 그렇게 짜진 않았네요,1
재구매 너무 기대했나봅니다 끝물이라 그런가요 하나같이 푹푹 들어가고 한개 곰팡이 4개는 터져서 오고..,0
애들 제어가 안되서 흠 ㅜㅠ,0
원하는 기능이었습니다 갤럭시 홈미니에 연동해서 잘 쓰고 있습니다 무드등 향초 스위치로 잘 쓰고있네요 감사합니다,1
배송이 빨리 왔어요 앞으로도 여기로 시키려구오^^,1
아직 안먹어보고 쓰는거입니다. 하루만에 배송이 왔네요...잘먹을게요,1
조조로 하면 가성비가 좋음,1
지퍼 옆주머니 잠금시 올릴때마다 지퍼가 씹고 있는데 불편합니다,0
"가공이 제대로 되어있지않고, 사이즈가 맞지않아 워치와 스트랩이 연결되는 고정부가 파손되었네요.. 돌돌이는 한번쓰니 바로 뒤로 빠지면서 파손됩니다. 배송도 느렸는데 시계도 파손되고 정말 짜증났네요.",0
치킨볼에서 비린맛나요 ㅜㅜ 전에 그냥 치킨은 괜찮앗는데..,0
완전 친절 하시고 저녁늦게 배송 해주셨지만 넘나 감사히 잘 해주셨습니다.,1
맛있어요 잘받아씁티다,1
기대보다 효과가 미비함,0
압출 잘안데여 ㅠㅠ 면봉이최고,0
ㅋㅋㅋㅋㅋ 안조이고 까슬거리지도 않고 좋은데 입으면 속이 훤히 비쳐서 거울보고 웃었음ㅋㅋㅋ 이런 속옷 처음임,1
배송 빨라요~~ 색감 정말 美쳤네요ㅋㅋ,1
어린이집 생일선물로 좋을꺼같네요. 추가구매합니다,1
너무크고 압축도 안되고 ... 완전 솜침낭 쩌네요 크기가 ㄷㄷㄷ 80리터 배낭 2/3차지하네요 오리털 침낭인줄알고 산 내 잘못이지만 휴 짐싸면서 한숨만 나오네요,0
마라탕 좋아하시는 분께 드렸는데... 그분이랑은 안 맞는것 같습니다..,0
한번쓰고 바로버렸습니다,0
사용하다보니..까끌하게 자꾸 모래같은게 나오는거같아요~~빨아도 그렇고..대체몬지 머르겠네요,0
부분부분 두피 트러블에 발라주니 시원하고 효과가 나타나는거같아요~,1
이게 제일 싸더라구요 구명조끼도 좋았어요~,1
아직 좋은지 모르겠고 물에 녹지도 않고,0
엄청 무거워요 잘 생각하고 사세요 끌 땐 괜찮은데 들 때 너무 무거워요,0
색상 이쁩니다~~~,1
밤에만 착용시키려고 사용했는데 이제 낮에도 씁니다 너무 좋네요,1
큰사이즈 주문했는데 작은 사이즈로 잘못 왔네요 ㅡㅡ,0
그저 그럽니다. 확실이 공지를하고 사진이랑 똑같이 왔어야됐는데 비어있는부분은 뭔가요?? 사진이랑 틀린 이유 좀 알려주십시요. 잉크를 왜 망사에 입히는지 이해가 안되서요.,0
베이스코트 사면서 같이샀어요 매니큐어 바르고 발라주고 있어요 확실히 빨리 마르는듯해요 무배맞출려고ㅎㅎ,1
재구매 어쿠스틱중 베스트에요. 소리도 예쁘구요.,1
1000피스짜리 주문했는데 커서 테두리공간이 남아요.. 반품귀찮아서 그냥 쓰려구요,0
재구매 좋아여~! 히히후후히,1
배송빨라서 좋아요 아직 안써봐서 모르겠어요 좋길 바랄뿐이죠,1
발 매우 아프다요,0
환불각 돈아까움 너무 허접하고 색상이 이럴거면 구매 안했음!,0
이거 너무 저렴해서 그냥 사봤는데 진짜 시원하구 다른데서 샀으면 돈 아까울 뻔 했네얌,1
갈퀴는 튼튼해보이는데 손잡이가 완전 ㅠ 저거가시박혀서 사용할수 있을까요? 교환해야할거같은데 ㅠ 구매확정을 눌러버렸네요,0
에어프라이어에 사용하기 적당하고 편해요,1
저렴한가격에 먹기도 좋아요,1
이왕 만드는 거 좀 제대로 만들어 주세요!!!,0
다른곳에서 사서 한참 잘쓰고 비슷할꺼라 생각했는데 마감이 엉성해서 잘 끊어지고 잘 늘어나서 얼마 못쓰고 버리게 되네요,0
좋아요 배송 빨라요~~^^ 역시 이케아 스툴입니다 색도 이쁘고 튼튼해보이네요 잘 쓸께요오오~~^^,1
브라는 재구매의사 있어요 싸고 좋아요,1
생각보다 빨리 왔네요 잘 사용하도록 하겠습니다,1
"상품 엉망 주문은 ""빈티지화병"" 배송은 ""모시깽이 여행"" 완전 열받구 화남 묶음배송 원했는데 따루~따루~배송하구 와~우~~ 택배비 남아도나보네~ 쳇!! 교환하기 귀찮아서 기냥 사용 업주님!! 배송 정확히 하셩~~",0
여름에 딱 시원하고 좋네요 ㅎㅎ,1
좁은 집에 딱! 좁은 집 이사하고 나니 식탁 위에 쌓여가는 짐을 정리하기 어려웠어요. 그러다 인터넷에서 검색하고 샀는데 잘 샀어요! 정리 완료! 강추예여~,1
배송과 상품 상태는 마음에 드는데 suv에 사용하기에는 장난감 같습니다. 너무 작아서 잘 보기도 힘들고 보이지도 않습니다. 승용차에 다는걸 추천하며 사진 올린건 70mm거울 달고 찍은 사진 입니다. 최소 저정도는 써야 보입니다. 참고 하세요.,0
밝고 좋습니다. 항시 장착하고 다니려 했지만 생각보다 크고 싼티나서 야간 라이딩시만 장착하고 다니는데 확실히 잘보입니다.,1
후기가좋아서 기대했는데 역시 최고,1
가격대비 가성비 좋아요 분위기있고 잘 구매한거 같아요,1
깨끗하고 달아요,1
일반인이 붙이기 힘들어요,0
크기가 너무 작아서 아쉬움.,0
아래 지지대가 불균형이예요,0
일주일만에 배송해주셔서 감사합니다 실밥 올나간게 한둘이아니고 정품인지 의심스러울 정도입니다 검수 꼭하시어 매입 배송해주세요,0
맛없어요 꾸덕하긴 해요,0
2개 샀는데 둘다 소리나서 제 기능을 못해요.,0
접착력짱 너무 좋아요,1
"배송 빨라요 태풍 대비해서 창문에 붙이려고 구매했어요. 일반 테이프보다는 두껍고, 제거시 쉽게 제거되어서 단기적으로 붙여도 힘들지않게 떼어낼수있어서 좋으네요!",1
잘 안되서 불편했어요,0
진짜 맛없고 ㅡㅡ 잡냄새 나요 아 맛없어서 버렸어요 도저히 못먹겠어서 ㅡㅡ,0
러러러ㅏㄹ라ㅡ라처어ㅡ으아아,0
재구매 또같은 물건 2개 시켰는데 택배비는 각각 받으면서 택배는 하나로 보내네요. 택배비 환불 바랍니다.,0
나이키 깔끔하고 좋네요 배송도 빨랐어요오오,1
가격이 저렴해서 좋아요. 저는 딱 붙는 줄 알았는데 아니라서 좀 아쉬웠어요,1
손잡이 높이가 안맞아요 설치해놓고 보니 안맞아요... 그냥씁니다,0
대가족인데 사이즈가 딱!!,1
너무작아요. 일부러 돈 추가해서 특으로 주문했는데 마트에서 이 크기면 절대 안 샀을 거네요. 싱싱은 합니다만 너무작아요.,0
잘 먹고있어요!강력추첨,1
입자마자 시원하네요. 여름에 잘 입을 것 같아요. 다만 작은 구멍이 촘촘하게 나있는 디자인이라 잘못보면 할아버지 메리야스같기도 해요...시원은 합니다. 부드럽구요,0
만족도 0입니다 배송 0점 휴가 다끝나고 캠핑다끝나고 오는 불용품 ㅋ 걍 기회될때 써야할듯,0
식기세척기용으로 좋아요,1
불이 너무 번쩍여서 잠이 안오고 제일중요한건 발열이 너무심해요 검정 흰색 두개샀는데 둘다요ㅠ 배터리 수명 깎이는걸 실감해요,0
믿고쓰는 가오피싱 감사합니다,1
도수알 넣고 1주일만에 안경테가 부러졌어요ㅜㅜ 전화했더니 수리는 안되고 왕복택배비6000원에 최소테값8000원 입금하고 안경보냈더니 안경알 넣어 다시 받았습니다.담부턴 튼튼한 상품으로 부탁드려요.,0
재구매 이번에 시킨것이 모래가 뭉쳐져 왔어요 많이 덩어리가 커요,0
덤프케이스도 같이 주시다니 ㅠㅠ 대박젛아여... 아직 부착은 안했지만 꼭 성공하길 ㅎㅎㅎ 감사합니당 !!,1
너무 가벼워보이네요,0
붙이고 있을땐 계속 미끄러져서 거울붙잡고 계속 올려야되고 떼면 바로 건조해짐,0
재구매 배송이 최악입니다~~,0
재구매 먹기 편하게 되어있어요,1
아주 잘먹구 있어요. 빛깔로 괜찮고 재구매 의사 있어요,1
재구매 벌써 여러 번째 주문합니다. 다른 소곡주도 마셔봤는데 제 기준엔 이 제품이 가장 맛이 좋네요. 많이 마셔도 다음 숙취가 없는게 신기해요.,1
실내가 너무 밝아져서 좋아요^^,1
스크레치 하나도 안지워짐 일부러 잔기스에도 해봤는데 안됨,0
땀도 빨리 마르고 찰랑찰랑 시원한 소재라 좋아요,1
완전 완전 만족해요 가격대비 퀄리티도 좋고 무엇보다 원기능에 충실해서 좋네요 낮에도 햇볕 걱정없이 숙면했어요 완전 맘에 들어요,1
재구매 배송 5일정도 되는거 같네요 매번 시키는데 이번에 너무 늦었어요 ㅜ,0
알마니하나 켈빈클라인하나 주문했는데 알마니박스 하나에 두개넣어서 보내줌. 뭔가 찝찝함. 딴거도 아니고 속옷인데 반품된거 보낸건 아닌지 의심되기도하고,0
생각한것 만큼 블랙헤드나 나오지는 않네요,0
선물했는데 싼티난다고하네요쩝,0
배송도 늦고 맛도 별루네요 ㅠ,0
브러쉬가 잘 빠지네요,0
재구매 항상만족합니다.바로구매 바로결재 ㅋㅋ,1
"늘 주문해 먹는데, 사이즈는 좋은데 심이 라고 하나요? 다들 너무 질기다고 해요. 10키로 거의가 다요ㅜ",0
첫 구매때는 맛있었는데 두번째는 씁씁할 맛이네요..,0
몬데오 와이퍼 구매 딱 맞아 떨어지고 좋네요 . 보통 알리발로 구매하는데 시간도 단축되고 가격도 싸고 좋네요 .,1
2미터 짜리 케이블이 고장나여 벨킨이 케이블 유명하다해서 구입했습니다,1
제가 주문한 상픔이안왔네요 다른게왔네요,0
재구매 이번에도 재구매 합니다! 잘 닦이고 이거말곤 다른거 못 쓰겠어요~!!,1
한개가터져가지고국물은없고계란두개만달랑있네요배송은어트케하신건지,0
ㆍ아 향이 너무 ㅠ,0
완전 허접해요ㅠ,0
일단 한달이상 사용해본결과 전화기를 잡아주는 고무홀더가 아구가 제대로 안맞습니다 몰딩이 잘못된곤지...거치해놓고 툭 치면 전화기가 떨어져버리내요...양면테이프가 약합니다 햇볕이 들지않는곳에 설치했슴에도 한달 못사용하고 떨어져버렸습니다,0
색상이 좀 칙칙해보임,0
그냥뭐 그저 그래요,0
아이가 밥먹을때 잘 먹어서 구매합니다. 포장도 잘되서 안전하게왔어요,1
사진상으로는 연회색이였는데 진회색이 왔네요.. 진회색이라 피규어가 이쁘게 보이지않네요.. 진회색이라고 상품소개를 바꾸시길 바랍니다. 반품 귀찮아서 그냥 쓰긴합니다,0
셀프네알은 유키젤네일이 최고에요~~색상도 다양해서 고르는 재미도 있구요~~,1
라지사이즈가 딱 고양이 한마리 크기에요 (애들 길게 누웠을때) 시원한감은 못느낌니다 .애들이 눕기는 합니다~,1
촉촉하고 좋아요 유통기한도 아주 넉넉함,1
지붕쪽이 좀 덜 뾰쪽하면 좋지않았을까...... 그래도 편리하고 좋아요 만족합니다. 펜은 별로인거 같아요.......,1
굿굿 진짜 좋아요 직접 오셔서 다 설치해주시고 어떻게 관리해야하는지 친절히 설명도 해주시구요 달아놓고보니 학원에서 사용하는 질 좋은 천입니다 해놓은지 한달 조금 안된듯 한데 천도 안늘어나고 할 때마다 기분 좋아요^^,1
아는분이 추천해주셔서 구입했는데 정말 촉촉하고 환해지는느낌이 들어요 만족합니다,1
필요했던 거라 구매했어요 아이도 좋아해요 생각보다 사이즈가 크네요 길이도 길구요~ 좀더 작고 짧게 만들어주셔도 좋을거 같네요,1
타 쇼핑몰에서는 19000원 이네요,0
다른건 다맘에 드는데 대신택배 진짜 최악입니다 택배기사랑 언성 높여가며 실랑이 버렸네요 물건 부피크고 무겁다고 아파트13층까지 안올라오는건지 전화도 없이 경비실에 맡기고 문자하나 남기고 갑니다 참고들하세요,0
항상쓰던거라 좋아요 ㅎㅎ,1
검정색의 매지같은것으로 이물질이 있음,0
조립설명서가 어렵네요,0
"제품받고,,,ㅋ 웃음밖에 안나오네요 ㅋ 각인아니고 인쇄인데 그인쇄마저도 엄청난 싸구려티가 팍팍!!! 24초만에 쓰래기통으로 버립니다",0
"화이트, 베이지 2개 구매했는데 베이지가 더 이쁜것같아요^^ 사이즈 딱 좋고 튼튼해서 맘에 들어요",1
잘먹고잇어요 많이파세요,1
새로 산옷에 파란색으로 뭐가 묻어있네요 ㅡㅡ 귀찮아서 그냥 입을랍니다. 여기 판매자분 옷관리좀 제대로 해서 상품 확인 후 소비자한테 보내주세요,0
양이 너무 적어요 2인분에 5만원인데,0
이불담기는 좋으나 냄새가 아직도 납니다. 옷장을 열어두고 탈취제를 뿌려도 그뿐..왠지 넣어놓은 이불 쓰려면 빨아써야할거같네요.,0
넘나 예뻐요~맘에 드네요 낼 필드시 꼭착용~ 담번에 또올께요~번창하셔요~~,1
착용하기 다소 불편해요,0
난 이런 거 진심 좋아함 이런 아이디어 상품 좋음. 혹시나 허전하고 불안할 때 만지작 거리면 마음이 편안해짐. 근데 이건 호불호가 많이 갈리는 상품인듯,1
굿 옳은선택,1
일단 구성품이 조금 다름..부추가 정말 작게들어가있음 설명은 비법간장인데 비법소스 이런식으로 다르게 되어있습니다..맛도 제입맛엔 안맞네요 참고로 대창 5000원 추가한사진,0
배송 빠르게 잘 받았습니다 잘 쓸게요,1
분명히 톡톡으로는 실리콘케이스를 사용하면서 충전이 가능하다고 했는데 사용해보니 불가능하네요... 이 점을 제외하면 좋아요... 하지만 단점이 너무 크네요!!!,0
매트 주문을 처음에 1개로 잘못하는 바람에 추가로 신청해서 왔는데요~이것도 비오고 하는 날씨 문제로 배송도 열흘이나 늦게 받았어요. 그런데 문제는 매트 2개가 높이가 달라요 ㅠㅠ,0
배송은 늦기도 늦었지만 박스도 다 찢어져서왔어요. 배송을 떠나 의자가 넘 별로에요. 생각보다 많이 밝아요. 그리고 앉으면 쿠션이 있는데도 불편해요 휴..,0
4단이면 더 길이가 길줄알았는데 이전에 다른사람꺼로 3단주문했던거랑 길이가 같아서 좀.... 아쉽네요,0
어쩔수없이샀죠 없는것보단나으니까ᆢ 못쓸정도는 아니예요 다만ᆢ너무얇고 작년 이런 매우.얇은. 일회용마스크를샀는데ᆢ3천원에 30장들어있었는데ᆢ시기가시기니까 어쩔수없지만 5배이상 비싸게사니까ㅠ 진짜 분.노.가 끓어오릅니다.,0
잘받았습니다 ㄱㄷ럭저럭,1
재구매 바르고 나면 다시 벽지가 풀이 충분치 않아 다시 일어납니다,0
이번에 주문한것 중에 제일 간이 있는 제품이었어요!,1
명성대로 상품이 훌륭합니다. 아이가 좋아해요.,1
냄새가 너무 심해요.. 싼 페인트 냄새같이 머리가 너무 아파서 바로 붙이지 못하고 밖에 놔두었네요.,0
그냥그런맛 평이너무좋아서 기대했었는데 그럭저럭한 맛입니다,0
항상 쓰던 펜이라 좋아요. 저렴하게 잘 샀습니다.,1
휴대용으로 간편하고 좋습니다,1
생각보다손잡이가 얇아요 하지만 색이 예뻐서 좋아요,1
성인2명 앉으면 꽉차요 앉는폭이 작아 허벅지 불편 배송비가 청주기준 6만6천원임,0
광고에서는 아주큰 스크레치도 슥 문질러 주면 잘닦기던데 너무 허위광고가 큰것 같네요 이상품에 도움을 못받았습니다,0
배송도 빠르고 흡수력이 좋네요. 촉촉한거 같아요. 2+1이라 좋아요,1
사무실용으로 구매했어여,1
평소에 눈이 건조해서 불편했는데 안대를 써보니 생각보다 좋네요 ㅎㅎㅎ 잘쓰고 있습니다!!,1
제품은 괜찮은거 같으나 배송상태 불량으로 불만입니다. 제품 취급주의 스티커 까지 붙여 있음에도 불구하고 박스 찢어짐 내부 덮개이탈로..,0
그냥그래요 정말루나라,0
상판.. 양면테입 접착이었네요.. 양면테입 접착보고 .. 가성비 좋지않다는생각뿐이네요.. 이거 날 더워지면 상판떨어져서 다칠듯,0
"배송빠르게 보내주셨구, 어제 받고 바로 자기전에 한번바르구 오늘 출근하기전에 아침에 한번바르고 마스카라했는데 그새 좀 자란느낌 ? 기분탓이겠죠 ? 암튼 좋은제품이라니까 믿고 씁니당!!!!",1
아니 여기는 불량을 보내는건가요..? 진짜 하루신고 다 빵꾸 날거같고 불량 제품 보내신거 같네요 진짜 환불하고싶은데 당장신어야하고 귀찮아서 안하렵니다 다른데보다 조금더 비싸길래 마감이나 이런부분 좋겠거니 하고 산건데 대실망이네요,0
두께도 두껍구 화면이랑 색상도 좋구 좋아요 ㅎㅎ,1
다른건 몰라도 복부는 좋아요. 이왕사는거 셋트로 구입했는데 크림보다는 스틱으로 살것을 후회중입니다. 바르는데 손에묻히게되고 귀찮아서 잘 안바르게되요. 허벅지랑 팔부분은 운동할 때 복부는 평소에도 착용하는데요. 평소 복부가 찬편이라서 저는매우 만족해요.,1
뭐가 특허 인지는 모르겠지만 노즐은 아니길 바랍니다 생각만큼 광택은 안나구요 노즐은 무슨 생각으로 그리만들 었는지는 모르겠지만 잘 눌러지지도 않고 잘 안눌리니 잘 안나오고 그러니 고여서 떨어지고 참 개판도 이런 개판이 없습니다,0
윈도우 미포함 pc 연결시 인식못합니다,0
아직 사용전인데요 용량도 많고 딱 찾던거였어요~ 마침 세일도 해서 친정엄마랑 나눴어요~^^,1
별로.. 아기보이는 창이 구겨져왔어요.. 그것도모르고 박스를 미리버려서 어쩔수없이 씁니다 반품이나 교환은어려울꺼죠..?ㅜ 다음부턴 제푸ㅇ확인해야될거같네요,0
재구매 고소하고 맛있습니다,1
가격대비좋아요 재질도 좋고 사이즈도 딱맞고 아이침대에 굉장히 좋네요^^ 다른 사이즈도 사려고해요~~~~ 가격도 저렴하고 좋아요,1
편하고 좋습니다. 주위추천해드릴게요,1
아가가 아주 잘먹어요 감사합니다 대박나세요,1
대실망 미역을 씻어도씻ㅇㅓ도뻘물이나오고 깊은바다가아닌 완전앞바다미역인가봐요? 끓여도맛이깊지않고 싼값하네요,0
깔끔하고 좋네요 선물했는데 괜찮네요,1
언제부턴가 김치를 해먹지 않고 사먹고 있습니다. 그럼에도 불편을 느끼지 않을 정도로 김치가 입에 맞습니다. 맛있게 잘 먹고 있습니다. 도 주문할게요,1
입고 편하다 했는데 이건 왠걸 건조기 돌렸더니 팬티가 너덜너덜.......,0
아니 무슨 배송일주일 가까이 걸림 해외 주문인줄 ㅋ 여기서 다신안삼,0
화력이 그렇게 쎄지는 않은거 같아요~ 소고기 구워 먹었는데 안 익어서 나중에는 가스불로 구웠네요,0
대만족 우리집에서 제일 이뻐요,1
고추무침은 절대비추 물렁거리고 짜고 먹기힘드네요,0
진짜...이제 못 사겠네요.,0
배송도 빠르고 사진과 똑같아요 아주만족,1
잘받아서 잘교체햇습니다,1
기존 써왔던 실크모보다 벨벳모가 훨씬 더 부들부들해서 진짜 속눈썹같고 가볍고 좋아요~~~^^,1
배송도 안전하게 빠르게왔고 인쇄해보니 뭉치는거없이 고르게 잘나오네요~파랑도 곧 다되는데 또 구매해야겠어요~~,1
배송이 너무 느려요~~,0
그레이 쇼파랑 잘어울리고 고급스러워서 마음에 듭니다. 면이라 그런지 한여름에는 조금 더울거 같은 느낌이 드네요~ 여름빼고 잘사용할거 같아요. 고정날개가 있어서 흐트러지지 않아서 좋아요.,1
마음에 쏙 들어요~,1
"어떨때는 잘 갈리고 어떨때는 잘 안 갈리는데, 방향때문인 것 같아요 ㅋㅋ 좀 익숙해지면 잘 쓸 수 있을 것 같아요",1
배송 완전빠르고 목걸이 이뻐요,1
재구매 그새 부서졌어요.. 모양은 귀여운데 사실 시소 처럼 햄찌가 타고 놀진 못해요. 톱밥에 걸쳐져서 그냥 장식용이에요,1
생각보다 부드럽지않네요 재구매 안할거같아요,0
배송은빨랏는데한쪽모퉁이쪽이아예사포질?이안되서좀아쉽네여,0
제조된지 쫌 된 상품같아요 잘 우러나지 않네요,0
신형이 아니라 옛날버전이왔는데 교환하기 귀찮아 그냥 쓰렵니다.,0
배송이 정말 너무하네요 거의 일주일이 걸렸어요 지연문자도 없이 재가 확인전화까지 했는데 전화드린날 출고된다고 하더니 그날도 출고가 안됐더군요;;,0
접착력 좋아요. 뗄 때 오일로 떼면 흉터 안생기고 잘 됩니다. 처음에 모르고 썼다가 흉이 생겨서 좀 아쉽지만 그만큼 접찹력이 좋다는 얘기겠죠?,1
[베이직2세트]보단 베이직2종세트였음 좋을듯요,0
끝물인가봐요 괜찮을줄 알고 주문했는데 생각했던거보다 별로내요 아삭이는 맞는데 물은아삭이네요 .2개는 저렇게 물려서 왔네요.,0
재구매 편해서 재구해 했어요~~^^,1
재구매 뻑하면 무너짐 약해요,0
기존에 쓰던 제품에 사용해요,1
이뻐요 색 맘에들규 근데 생각보다 거칠거칠하내욤 그래도 잘쓸게여,1
특별한 향이 없어 누구나 만족스러울겁니다. 촉촉하니 발림성은 굿이에요. 피지오겔 지속력은 말할것도없지요ㅎ얼마나 쓸지 모르겠네요. 금방 뚝딱~다쓸거같아요.,1
매우매우매우 만족합니다ㅜ짱입니다,1
조립해서 돌려봤는대 한일분 돌리다보면 조립한게 풀어져요 ㅡㅡ 반품하기 귀찮아서 연결부위를 테이프로 감아서 쓰고있습니다.,0
신선하지 않아요.. 에어프라이용 냄새가 좀 나더라고요,0
해외배송인데 생각보다 빨리왔네요 감사합니다,1
슈퍼싱글시켰고 침대사이즈 재보고 사이즈도 110*220*30 이 안되길래 주문해서 받자마자 찬물 세탁했는데도 불구하고 아예 들어가질 않아요. 어디에다가 문의사항올려야하나요?,0
가격도 저렴하고 옷걸어놓으면 흘러내리지 않아요,1
베란다에 두고 쓰는데 수납짱입니다,1
편하다고 해서 샀는데 역시 구두는 사람마다 다른거 같아요 사이즈가 작은건 아닌데 발가락이 아픈건 왜일까요 디자인은 무난해서 좋은데 불편해서 손이 잘 안가요,0
진짜 이 가격에 이런 품질을 가지고 있다는거에 놀랐습니다. 짱짱!!,1
아빠드릴라구 샀어요~~유통기한도 21.4 까지이고 효과좋다고하니 꾸준히 드셔보라해야겠어요,1
처음에 곰팡이때문에 너무 오래 기다렸네오.,0
압출기도 좋지만 구성품인 알콜솜 정말 활용도가 좋습니다,1
"우선 빠른배송! 구매평이 좋아서 구매를 했고, 구매전 판매자분과 통화도 했는데 친절하게 안내해 주셔서 감사드려요. 아직 안써봤지만 좋겠지요?^^",1
스킨 색이 좀 오랜지 빛이 강해서 별로에요. 그래이가 더 나은듯... 아래부분이 넓어서 엉덩이에 끼는게 많이불편하네요.,0
착용감좋고 편합니다^^재구매 의사 있습니다^^,1
엄청이쁩니다 외형만큼 제질도 단단했음 좋겠습니다 바낙스 제품이야 믿을만하지요 ㅎㅎ 잘쓰겠습니다 좋은제품많이파세요,1
오래걸리고 비싸고 씁쓸하네요 ㅠㅠ,0
아직 맛을 못 봤는데 눈으로 보기에는 상태굿이예요^^,1
3m인지 확인하세요 3m인지 확인하세요 아님 낭패 봅니다 3m인지 확인하세요 아님낭패봅니다 3m인지 확인하세요 아님 낭패복니다,0
두개나 샀는데 현지에서 사용안되서 현지 샵 방문해서 새로 샀어요 괜히 돈만 두번 썼네요,0
재구매 두유맛이별로안나서아이가좋아하네요,1
린넨원피스 베이지색상 비침 방지로 입을려고 구매했는데 다리라인까지 그대로 다 비쳐서 아쉬워요..ㅜㅜ 너무 얇아서 비침방지가 안되서 반품하고 싶지만.. 반품비 아까워 그냥 둬요..,0
쿠킹박스가 요리하기 간편하게 나와서그런지 채소 칼로 자르고 모양 내고 하려니 그것마저 귀찮네요 ㅋ 좀 짜긴 했지만 맛은 있었어요,0
싸게 잘샀어요 만족합니다 ㅎ,1
비앤비가 싸니까 대량사서썼는데 ㅠ잘안씻기는거같고 거품도너무안나고 많이사놔서계속써야하긴하고ㅠ,0
통안에 부러진 알약들 많이 보여요,0
건강에 좋다고하니 잘 먹을께요,1
재구매 벌써 몇번째 재구매인데 이번에는 완전 맹탕임,0
배송이 밀렸느티 좀 걸렸지만 포장이 꼼꼼해서 좋았어요,1
가격만큼합니다딱이에요,0
사무실에 바퀴벌레가 많아서 주문했네요 아직 사용전이지만 후기처럼 효과가 좋았으면 좋겠어요,1
배송은 좀 늦엇ㄹ어요 ㅠㅠ,1
별로예요 머리가 잘고정이 안되는거 같아서 저는 비추합니다 생각보다 사이즈가 작아요 실제 착용컷 있으면 좋을거 같아요,0
배송도 생각보다 빨라서 만족합니다!,1
가격도 저렴하고 배송도 빠르고 생각보다 조립도 간편하고 튼튼하고 좋았어용 예뻐요,1
프리사이즌데 너무 조여서 엉덩이 다 튀어나옴 (162/50)입니다.,0
튼튼하고 보관하기 딱,1
아주 부드러운 재질은 아니에요 조금 바지같은..?느낌이긴 한데(완전 삼각팬티 형태가 아니라) 순면이고 편해서 좋아요,1
"다섯개가 상해있고 크기도 고르지않 네요 신선도가 낮은건지 표면이 탱탱하지 않아보이구요, ᆢ 레몬을 잘랐을때 즙이 많이 나지않고 향도 덜합니다",0
"옷장, 신발장 냄새제거용으로 샀습니다. 아직 사용전이지만 후기가 좋아 기대하고 있습니다. 잘 쓸게요",1
생각했던 충각무의 모습이 아님 무엇보다 너무 달아요 설탕무 먹는 느낌 ㅠ 시원한 맛이 전혀 없어요 재구매는 안할꺼임,0
기호성은 우리 애는 보통인 것 같구요! 성분이 좋아서 안심하고 먹었어요!,1
절대절대 사지마세요.....택배는 홍콩에서 왔네요~ 반품도 어려울것같고 아무리 중국 제품이지만 이렇게 허접할 수 없네요.특히 모터부분... 사진을 찍기위해 커버를 벗겨봤습니다.사진으론 그를듯해 보이지만 그냥 20만원 떡사먹었다 생각할렵니다...ㅠㅠ,0
자꾸 아래쪽으로 내려와서 벨트가 목에 닿더라구요 ㅜㅜ,0
재구매 맛이 좋아 항상 여기서 주문해서 먹고 있어요^^,1
아이들껀데 백탁이 너무 심해서 쓸수가 없어요... 2개나 구입했는데... 너무 심하네요 실망대실망입니다,0
배송도 빠르고 사은품도 넣어주시고 감사합니다~ 다음에 또 구매하겠습니다.,1
생각보다 사이즈가 넉넉해서 슈퍼싱글 침대 위에 올려놓으면 딱 맞네요 좋아요,1
두번째 시켰어요 맛있어요 등심 립아이 채끝 다먹어봤는데 립아이가 제일 맛있는듯해요 ^^,1
제가 주문을 잘못한건지 케이스가 안맞아요,0
진짜 썬크림처럼 발리네요. 하도 후기가 좋아서 써봅니다. 효과 좋았음 하네요,1
예쁜사다리. 사다리가 필요해서 여기저기 검색하다가 접이식사다리를보고 넘 예뻐서 구매했는데 울 아저씨가 더 좋아해요.왜냐면 우리차량이 높거든요 세차할때 올라가서 지붕위닦는다고 더좋아하네요 .올라가보니 견고하고 예쁘고 좋아요.강추~~,1
너무 느끼해요 기름에 튀긴거라 그런가....달지도 않고... 뭔가 도저히 못먹겟어요 ㅠ,0
다좋은데 배송 엄청 느려요 거의 3일째에? 받았구요 전라도 광주에서 매번 김치 시켜먹는곳 있는데 거긴 늘 다음날 아침에 배송완료 해주셔요 여기도 생고기인데 신경좀 더군다나 가까운 거리이면 신경좀 써주셨음 좋겠네요,0
잘받았어요~~백탁없이 깔끔해요,1
두번째 구매입니다 원래가격이 높아서 못사고잇앗는데 할인해서 바로삿어요 스틸라 비슷한 제품을 써봤는데 색감이 스틸라가 제일이에요,1
배송빠르고 샘플도주셨네요 좋아요,1
조절 되고 좋은데 천이ㅠㅠ 금방 더러워져요.. 이건 제가 좀더 알아보지 못하고산 불찰이구요 좀 묵직해서 안전한반면 아이혼자 끌어당기기 좀 힘들어요,1
실비김치는 내내 먹어도 질리지가 않아요 김치를 너무 좋아해서 금방 다 먹었는데 또 생각나서 구매하려고요 너무 잘먹었습니다,1
상품은 이쁜데 고리 기스가 너무 잘 나네요 가이 주신 고리 넣으려고 하는데 기스가 쫙하고 가버렸네요 ㅠ 너무 약해요,0
뭉침 현상이있어서 몇번을 지웠는지 ㅡㅡ 노란색은 거의 사용못하고있네요,0
마스크 마음에 안들어요. 포장에 아주작은 벌레도 있었구요ㅜ,0
품절돼서 바꿔주셨어요.,1
약간 비추요 손잡이 흔들림.... 가격대비 괞찮은데 손잡이가...좀 많이 흔들려요. 가성비 원하시는 분읔 사시는기 좋을텐데 1만원 정도 더 들여서 더 좋은거 사세요,0
물건이 별로예요. 비추합니다.,0
ㅇ 우랴도아누처나눊저나투텨지누애유얒 나탼 야주냐누ㅑㅇㅇ 녕 ㅑㅇㅇ ㅓㅇ 영 어우야더나우랴루야웅,1
맛도 상태도 모두 별로였습니다. 제가 초당옥수수 정말 자주 사먹는데 후기좋아 시켜봤는데 영...뭐가문제였을까요. 엄청 늦게 기다리고 받은거 치고 실망이 커요..0,0
"추천 안 함 한 번 사용하고 잘 말렸는데, 한 번 사용한게 사진과 같이 갈라짐이 있습니다. 몇 번 더 사용하면 쪼개 지겠네요. 저건 교환 해주셔야 하는거 아닙니까???? 같은거 괜히 두 개나 샀나봅니다. 휴 ㅡ.ㅡ",0
마음에 쏙들어요~~^^ 면이좋네요,1
고소한 맛이 적어 살짝 아쉽네요~~,0
붙이고 보니 색상이 다르네요.흰색 빛바랜색에휴,0
자전거에 좀 작아서 찢어서 넣었어요 그래도 그전보단 푹신해졌답니다,0
배송 7일 이상 걸림,0
먼지가 장난이아니예요,0
재구매 싱싱하지 않네요.. 믿고 주문했는데 실망입니다.,0
재구매 등커버 연결너트 고정피스가 없네요. 함께 보내주세요.,0
싼게 지난 지금 그가,0
제가 생각한 케이스가 아니라서.. 중고**에 내놓으려구요.,0
. 받아 봣는데평처럼 엄청 부드러운거 같진 않아요..그래도 적당한 각격에 잘구매한거 같아요..,1
이 제품 파란색 펜촉이 불량이네요...다른 색은 부드럽게 써지는데 파란색만 거칠게 나오고 끊기게 나오네요...새 상품을 보내줄 수 있는건 아닐테구..ㅠㅠ 아무튼 같은 제품으로 다른색상 시킨건 완벽했습니다,0
곧 출산예정입니다 촉감 사이즈 모두 만족합니다,1
엄마가 아주 좋아합니다. 안에 카라멜같은게들어잇어 맛잇어요 ^-^,1
만족하는 제품 입니다. 좀 더 꾸덕 꾸덕 했으면 좋겠는데 그게 좀 아쉬워요!,1
7세 아이들이 쓸정도의 길이가 아닙니다.,0
특가세일로 삿는데 배송빠르고 좋아요~,1
재구매 배송기사가 뭐가그리불만인지 한두개씩깨져서오고 불친절하네요 배송회사바꿔주면 별다섯,0
선불하이패스카드 7천원이나주고 구입했는데 자동충전등록도 인터넷으로 안되고 심지어 자동충전카드는 무료로발급되네요ㅠㅠ 하이패스만 살걸그랬어요,0
재구매 로션보단 크림이 더 보습이 좋아요^^,1
선물하기 참좋은 가성비상품♡,1
좋아요 가격 싸게 잘 삿습니다.접착력도 좋고 색상도 컬러풀하니이쁘네요.만족하며 재구매 의사잇어요.적극 추천합니다.,1
배추가 싱거운맛이 많이나요.,0
6단 4단 쌓았는데 높이가 딱 좋아요,1
거품이 하나도 안나요. . 샘플만 써봐서 그런가요? . . 거품이 없네요. . 2개나 구입했는데. . 아쉽네요,0
"반품하기 귀찮아서 그냥 쓸거지만, 대놓고 이렇게 망치자국에 녹슬어 있는 재생 럭킹을 보내는 건 아니지 않나요. 다른 분들도 구입 시에 참고하시라고 사진 찍어서 첨부합니다.",0
가격대비 품질좋네요~만족합니다! 배송도 잘해주셨어요^^,1
크기가 너무 작아요,0
실밥 다 튀어나와있고 더운소재..,0
이음새 부분이 자꾸 빠져서 뭐 그냥저냥,0
압축분사기 때문에 10리터 주문했는데요 분사기 좀 이상해요 분사도 이쁘게안되고 물도 뚝뚝 떨어지고 평상시엔 뚜껑을 좀 열어두어야한다는 답변 받았네요 편백수 뿌릴땐 못쓸거같고요 그냥 애들 화분 분무기로나쓰렵니다.,0
이렇게 두꺼운 매트를 조그만 상자에 압축해서 바쿡와 손잡이까지 달어 보내주셔서 깜놀! 상단 라텍스 덕분에 포근하고 폭신해요. 배송이 늦어 일주일 이상 맨바닥에에서 잔것 이외에는 만족합니다,1
처음 구입인데 좋습니다 재구매의사있어요,1
안빠져요 너무안빠져요 가족들도 쓰다가 다 짜증을..,0
처음에 물건 도착했을때는 좋아보였습니다...하지만 1번 은 잘먹었는데 다음에는 밑에 있는것들이 다 썩어있네요... 참 실망입니다..,0
아주 맛나요!! 추천,1
얇음 그냥그럼 추천안함,0
긴볼트 2개가 작은볼트로 바뀌어와서 2개는 체결못하고 있네요,0
효과를 잘 모르겠어요. 싼 가격에 구매했는데....안먹고 잇네요,0
너무 빨리 굳어요. 6통 샀는데 통마다 반씩 버렸네요~,0
배송빠르구 생각하던 케이스에요 투명도 좋아요~.~!!!! 재구매 할거같아용,1
딱히 좋은줄모르겟네여,0
가성비는 좋네요 센터에서는 10만원인데 이제품 5개가 훨씬 좋을듯,1
가스렌지에는 괜찮은데 욕실에 할려니 물에 약한것같음,0
디자인이나 이런건 괜찮았는데 열어보고 깜짝놀랐어요 곰팡이같은게 있는데.. 찝찝해서 어찌쓰나요. ㅜㅜ,0
왠지 나이키 마크쪽 박음질이 이상함,0
부들부들 원하는 감촉 원하는 색상이에요!,1
여기가 젤 저렴한 것 같아요:) 앞으로도 꾸준히 여기서 시켜먹으려구요!,1
재구매 오랜만에 봤는데 정확해서 진짜 좋았어요,1
정수리 닿으면 아파요 ㅠ 구래도 디자인은 굿,0
빵빵하고 아주좋네요??? 푹신합니다,1
일단 예민한 빨간 좁쌀염증성 피부인데 저한테는 안맞아요 어성초는 좁쌀염증성 보다는 화농성이 맞는거 같애요 따갑고 얼굴이더 붉어져요 분사력도 별로구요 딱 가격만큼이네요,0
이브고 저렴하고 만족해요!,1
배송이 너무 느렸습니다. 다시는 여기서 구매 안하려구요,0
선물하려 샀는데 쇼핑백이 없어 아쉽지만~~저렴하게 사서 좋아요.,1
선물드렸는데 좋아하셨으면 좋겠어요,1
재구매 두번째 주문이예요~,1
배송도빠르고 품질도 좋네요 많이파세요 감사합니다 다음에도 또 구매할게요 번창하세요 감사합니다 나린뜰최고!!!!♡♡♡♡♡♡♡♡♡♡♡♡♡,1
콜린성 두드러기에 효과봤다는 후기를보고 구매했는데 우리아이한텐 맞지않나봅니다 아무런 효과가 없네요,0
키도 작고 그냥 보통체격인데 커플로샀다가 둘다 질질끌고 다니네요 ㅠㅠ,0
재구매 인생팬티 입니다... 10장 삼ㅎㅎ,1
재구매 항상잘먹고있습니다득근득근,1
다른거에 비해 정말 좋아요. 곰팡이도 정말 잘 없어지네요.,1
아직 선물용이라 잘은모르지만 좋아할듯해요,1
생각보다 침대가 많이 부실하네요 여자인제가 밀어도 침대 전체가 움직이네요 밑에 받침 나무터막 두개는 정말 툭치면 쓰러질정도록 부실합니다 ㅠㅠ,0
포장도 정성스럽게 해주시고 비즈도 이뻐요,1
좋아요 알레르기성피부라 진정용으로 샀어요,1
일단 색상이 사진이랑 많이 달라요.ㅜㅜ형광연두라서 주문했는데 이건 색이 탁한 연두도 아니고 올리브 색에 가까운? 암튼 애매하네요.걍 집에서 입을옷이네요.,0
재구매 피칸 2키로 주문했더니 500g짜리 4개가 왔는데 반은 부서져서 왔네요~ 우선 1키로만 정리했더니 600g 건졌네요~ 이걸 어쩐데요? 피칸파이 만들어 팔아야하느데?,0
재구매 저렴했어요. 시중 마트하고 품질이 비슷.,0
조아조아조아조아조아,0
Ct64 포스가 장난아니군요 멋집니다!! 빠른배송 좋아요!!,1
소리 않난다고해서 구매한건데 소리납니다,0
한번 먹어보고 맛있어서 재구매 했어요,1
써보진 않았지만 등드름 앖어지길 바래봅니다,1
완전 잘샀네요 보관용으로는 지퍼락만한것이 없어요 재구매합니다,1
재구매 두번째 구매합니다!!! 가게에서 써보고 너무 좋은것 같아 쟁여두려고 바로 또 구매했어요 ㅋㅋ 잘쓰겠습니다^^,1
좋아서 또 구매해서 선물 줬어요~~~ 이쁘고 좋아용,1
"원래 쓰던 거 다쓰고 이제 쓰고 있는데... 씻겨지지 않고 찝찝하게 사진처럼 세제가 남아요. 세척기 문젠가, 세제양 문제인가 여러번 실험하듯 해봤는데 정말 구리네요. 환불해주세요. 이미 개봉한 건 안된다면 개봉 안한 거라도 해주세요.",0
"재구매 후숙이 많이 된거를 알고 사기는 했는데, 사이즈가 꽤 큰거(보통 미니밤호박보다 2배크기)는 물호박이더라구요. 이번에 시킨거는 맛이 별로인게 좀 있었습니다.",0
가격대비 괜찮아요오,0
너무 짜요. 엄마 간편하게 드시라고 사드렸는데..ㅠ 너무 짜다고 드실수 없을정도라네요ㅠ,0
진짜 맘에 들어요! 사진 리뷰도 첨부 했어요,1
꽃보다오징어 품절로 이 아이를 주문했어요... 꽃보다는 별로지만 중독성은 비슷 ㅎ,1
재구매 재구매 입니다 넘편해서 두개더 구매했어요,1
설치는 간단했어요 나름 만족하면서 썼는데 한달만에 등받이가 부서졌네요...ㄷㄷ 임시방편으로 구멍내서 케이블타이로 달았는데...견고한제품은 아닌듯하네요ㅜ,0
감동적인것은 사실입니다.,1
아직 아이들한테 오픈을 못해서 모르지만 1+1 구성에 이끌려 구매했습니다,1
15살 말티즈라 아침에 두알씩 꾸준히 먹이고 있어요.그래서 그런지 요즘 산책할때 걷는게 편안해 보이는거 같기도하고 아직 한달이 안되서 잘 모르겠지만 꾸준히 먹이면 좋아질거 같다는 생각이 드네요.,1
켜놓고도 모기들이 앵앵거리네요 별로인거 같아요,0
너무 맛있게 잘먹었어요 부모님이 좋아하시네요,1
매년 여름되면 모달 티셔츠..항상구입하네요...색도여러가지라 선택폭도넓고 입기도편해요..,1
사용이 불편해요. 손으로 벌려줘야 겨우 밀어넣을 수 있네요.,0
싼데는이유가있습니다,0
재구매 아주 잘 쓰고있습니다,1
간사합니당 잘받앗어여,1
여자 혼자 조립하는데 20분걸렸어요. 배송도 빨랐구요,1
쓰지못하고 버려야겠어요,0
냉장고 정리하기 편해졌어요. 근데 생각보다 크네요,1
정사이즈보다 조금 작지만 두 번 정도 세탁해서 입으니까 늘어나서 딱 좋아요,1
뒤꿈치가 너무켜서 엄마가 불편하다네용,0
포장 너무 낄끔하네요. 제품 가격도 착하고 너무 안전하게 잘 왔네요. 이래선 사고날 수가 없겠군요 ^^,1
이쁘긴한데 좀 작은감이 있네요. 무겁구요 뚜껑을 열면 뚜껑무게때문에 달그락 거려요 내구성은 좋아보이는데 실속있진 않아요 그냥 칸막이있는 락앤락통이 훨씬 나아요 이쁘기만 합니다ㅋ,0
너무너무 이뻐요^^ 생각보다 수납도 좋고 코디하기 너무 이쁘네요,1
원래쓰던거 입니다~,1
너무 얇아요ㅠ,0
넘 맛있어요 티백하나로도 충분히 우려나오네요ㅎㅎ,1
강아지가 쳐다도 안봐요..,0
물건이 10일이지 지났는데 아직 안 왔긴했는데 보내준다니. 안전배송 ㅂ부탁드려요,0
3개월 플래너 써보니 확실히 가지고 다니긴 조금 무겁긴 하더라고요. 1개월짜리는 얇고 색도 다 이뻐서 한권씩 샀어요.,1
가격대비 별로입니다,0
뾰족해서 두피가 상할듯 합니다,0
빵빵 잘 터지네요. 다만 배터리 소모가 빠른거 같애요. 그래도 보조배터리 챙겨주셔서 잘 썼습니다^^*,1
창문에 뽁뽁이 붙이려고 샀어요 튼튼하고 좋아요~,1
재구매 배송도빠르고 좋앙 항상여기서 주문해요,1
다른색으로더 사고싶어여 가격좀만더 쌋으면좋겟어여,1
화욜시켰는데 토요일온거는 너무한듯합니다 제품은 이상없는데 배송이너무느려요,0
LED전구가 많이 싸졌군요 많이파세요,1
비니루 살짝찢어져서 제맘도 찢어졌네요,0
회사다닐때 매고다니기이뻐요! 아쉬운게잇다면 큰책 그리고 노트북은 안들어가서 작은책이용할때만 용이한것같아요.. ㅎㅎㅎ,1
중심이 좀안잡혀서 픽픽쓰러져요,0
작아도 너무작음 ㅜㅜ 크기생각을못하고시킨듯,0
정말 생각보다 쉽습니다~ 똥손인 저도 했으니까요~ㅎ,1
재질고 안좋고 스판기 있어서 목 이 양,0
저번에 구입해서 잘 쓰고있었는데 잊어버려서 하나 더 구입하게되었어요~ 역시나 가볍고 이쁘네요!,1
좋아요!! 효과는 잞모르겠지만 안하는것보디 좋겠죠 ㅋㅋ,1
벌써 벗겨지기 시작합니다ㅠ,0
좋아요 몇년째 쓰고있습니다 확실히 이제품은 얼굴에 뭐도 안나고 피부색과 가장 잘 어울러지는거 같습니다,1
통으로 갈아서 먹는거는 처음이라..아직은 잘 모르겠네요..여름에 얼음과 함께 잘 먹을게요..,1
저아야저아여저아여저아여저아여저아여저아여저아여저아여,1
맛은 괜찮지만 재구매 의사는 없어요,0
작으니까 가지고 다니긴 좋아요!,1
이거 왜샀나 싶어요 너무 아파요 얼굴 했는데 피부 다 뜯겼어요 겨드랑이도 마친가지고 어디여도 다 자극 심해요 잘 안뽑히고요 추천못하겠네요,0
유분기가 넘없어 겨울엔 좀 아싑네요,0
사은품 잘 받았어요 ^^ 이쁘게 만들께요 ~~,1
제가 다른곳 다 써봤는데 메디힐만큼 피부에 잘부착되는 팩이 잘없어요 아쿠아링은 항상 쓰는 기본템이구요 블랙ex 는 처음시켜봤어요 // 아쿠아링보다는 잘 밀려내려가요,1
아주 빠르게 배송잘됐어오 잘쓸게요,1
"업체가서 직접 사이즈 재고, 받은건데.. 다시 m으로 주문햇어요.. 병원에서도 사이즈재고 받은거 맞냐고 몇번 물어보시구.. 163/50정도이면 엠 주문하세요!",0
광고에서는 잘 밀린다고하는데 안밀려요~ 반품할수도 없고 .....,0
디자인 깔끔하고 너무 예뻐요 깔별로 쟁이고 싶어요,1
태어나서 처음으로 해본건데~ 피지가 하나도 안나오네요?,0
만족합니다 질도 괜찮네요 깔끔해요,1
주문하고 기다리는데 너무 오랜 시간이 걸리는것 같습니다,0
물건 얼마나 던졌던지 박스가 아주 누리고 터지고 택배사 박스 태이프로 대충 붙여놓고...물건이 박스 보닥 작으면 몰 체우던지 하시지...파손 여부는 잘 모르겠으나 암튼 별로임,0
재구매 항상 쓰던거고 언제나 만족,1
선택 옵션과는 넥타이가 왔지만 그냥 씁니다,0
이거 구매한 이후에 난연에 방한용 폼블럭 찾아서 다시 구매해놨네요. 그저 콘크리트벽보다 덜차갑다 뿐이지 방한용이라는 생각하고 구매하시진 마세요. 이렇게 다시 구매할 줄 알았으면 그냥 반품할걸 진짜 돈아깝습니다.,0
홍합이 너무 많이 깨져서 왔어요;; 금간것도 많고 깨져서온것도 많고ㅠㅠ 사진은 손질하다 몇개만 찍었어요. 그냥 손질해서 먹긴했는데.. 저는 재주문은 생각해봐야 할 것 같아요.,0
진짜 오래 맡고 있을수가없어요 정말 맡자마자 나도 모르게 인상이 구겨져요.. 이게 튜베로즈향인건가..? 되게 쓰고 꼬릿한 꽃냄새..? 좀 참고 더 맡아보려고해도 역한 느낌이라 잔향은 모르겠어요... 여성스러운 장미향을 기대했는데 완전 꽝이에요..,0
색이 진해서 마음에들어요,1
깔끔하고 신선해서 만족합니다,1
조립하는건 어렵지 않았고 나사하나가 불량이었는데 여유분으로 한개씩있어서 다행이 잘썼어요. 정리하고나니 너무 마음에 들어서 조만간 재구매할거같기도해요ㅋㅋ 철재라 무게감이 꽤 있네요,1
가격만큼하고. 아랫쪽선반은. 삐뚫어져있어요. 교환이번거러워서 그냥사용합니다.,0
도착해서 조립해서 잘 쓰고 있습니다. 스틸다리라 튼튼하고 좋네요^^,1
밴드도 탄탄하지 않고..정말 맨 천이라서 실망했습니다,0
"보자마자 쓰던물건이 온거 같았고,대충 만든게 눈에 보임.모터 힘이 없어서 꽉 누르고 사용하면 모터가 멈추고 티비 방송까지 나와서 한번 믿어봤는데 역시 차이나는 ...반품하고 싶지만 시간이 아까워 그냥 욕실 바닥청소기로 ..쓸수 있으려나 ㅠ",0
재구매 냉장압축상태라 신선함이 정말 좋았어요!! 쯔란을 어렵게 구해서 먹으니 정말 최고였네요!! 식구들 전부 좋아했어요^^ 스테이크시즈닝말고 쯔란을 주셔도 좋을거같네요^^,1
가격도 저렴하고 너무너무 마음에 들어요~~^^,1
싼게 비지떡이예요... 약해서 모서리부분이 이산일만에 깨지네요. 이전에 같은디자인의 더 비싼 제품 샀었는데 ㅜㅜ확실히 다르긴합니다.. 많이 샀는데 금방 다 쓸것같아요.,0
너무 늦게 발송되네요,0
한달을 썼는데도 냄새가 안빠져요 ㅠㅠ 진짜 너무 스트레스입니다..,0
재구매 제품 포장에 좋습니다 다양한 사이즈가 있어 구성에 따라 활용할 수 있어요,1
아녕빼ㅣ엔기ㅗ디하하ㅜ,1
각질이 나오는거 아닌듯요... 펌핑도 넘 불편하고 성분에서 각질같은거 나오는거 같아요 남편이 티비 광고 보구 구매하게 되어 써보니 별 효과 없는듯요...😣,0
해외로 갖고 가서 먹었는데도 포장상태가 좋아 별일 없었네요. 조금 맛이 짜서 떡이나 야채등을 섞어서 먹으니 훨씬 좋더라구요~~~,1
조금긴거사려고했는데 엉덩이쪽만 높고 다리쪽은 그닥 길이 잘보고 사야될듯해요,0
불친절한마인드에 판매자에게 샀고 배송도 누락되고 한참뒤에 받았네요,0
찬물에도 잘녹고 먹기괜찮네요... 그냥 허브티느낌이에요,1
편하게 쓰려고 가성비 좋은 제품으로 주문했는데 숟가락 끝이 너무 날카로워요ㅠㅠㅠ 혀 베일듯.. 위험해보여서 반품하려다 오천원 반품비 생각하니 젓가락만 쓰는 게 나을 것 같아 그냥 둡니다.. 젓가락은 괜찮은데 숟가락은 너무 비추....,0
사이즈미스인지.. 사이즈 미스인지 원래그런건지 큰 보정효과는 없네요 심지어 후크가 치마입으면 티남ㅋㅋㅋㅋ 이건 사지마세여 ㅋㅋㅋ,0
따뜻ㅎㅏ게 잘입을께요,0
엄청작네요,0
"양배추브로콜리즙은 처음 시켜봤어요~ 오자마자 정리하고 사은품 감사하고, 바로 먹어봤는데 , 생각보다 맛 괜찮고 건강건강느낌 전 시원하게 해서 먹을생각입니다~~ 배송상태 완전 깔끔 꼼꼼 , 식이섬유 챙겨먹기 어려워서 시켰는데 편하고 좋네요~~",1
싸고 좋네요.. 굿이요,1
재구매 서비스꽝 품질꽝 그냥 아무거나 보내주시는듯 ㅎㅎ 색상 촉감 디자인 사이즈 재질 퀄리티...ㅎㅎ 번창하세용!,0
좋아요 잘 스며들고 ㅎㅎ,1
전혀...,0
"가격, 디자인, 배송등은 다 좋은데 전구색이 너무 노랗네요.",0
겁나 두꺼워요. 겨울용인듯.. 색상이 환해서 여름용으로 샀는데 겁~~~나 두꺼워요 ㅎㅎ,0
구조가 스튼드백과안맞음,0
3cm는 농구화같은신발 아니면 안들어갈거같네요,0
그레이 싱글 주문 했는데 아들이 좋아해요 다음에 세일하면 재구매 할 의향 있어요^^,1
"흡착식아닙니다. 확인하시고 구매하시구요, 위에 봉이 계속겉돌아 겨우 잡아 고정해도 아래위 튼튼하지않아요.",0
음식이 너무달고 깊은맛이 없어요,0
조아요 잘 부러지지만 그래도 굳,1
마늘 물기 너많아서 별로입니다. 다진마늘 아니고 간마늘이에요,0
냄새가 살짝 이상해여 계속 쓰던건데 냄새가 살짝 뭔가 다른거같아여 이게 제품마다 냄새가 다른건지 내 코가 이상한건지 뭔지는 모르겟지만여 써봐야 알꺼같아여 근데 냄새가 살짝 달라서 얼굴에 못바르겟어여,0
침대는 쓰기 좋아요. 가드에 먼지인지 곰팡이인지 하얗게 쌓여온거랑 매트릭스 세것인데 오염되어있던거 빼면요. 업체에 연락드렸더니 미안하단말이 아니라 물로 닦으세요 라서 황당.,0
자꾸 떨어진다.... ㅜㅠ,0
배송도 빠르고 물건도 하나씩 정성스럽게 포장해주셔서 아주만족합니다^^ 아직시작은못했지만 빨리해보고싶네요^^다음에 또 구매할게요,1
잘가지고 놉니다 저렴하게 잘 구입했어요,1
포장상태 너무 별로였어요.박스가 다 형태가 무너져서 깜짝놀랐어요.제품상태도 크기도 너무작고 알도 차있지않아서 다음에는 구매못할것같아요.,0
예쁘고 편해요 쓸수록 맘에드네요,1
아예 안쓰네요 강아지가 ㅠㅠㅠ,0
착용감이 좋고 편하게신고있어요,1
가볍고 편합니다. 이 가격에 타푸 슬링백을 찾아 기분 좋네요,1
판매자님 보세요 배송용 박스한번 열어보세요. 박스가 일반박스가 아닌거 같아요. 박스에서 나오는것이 제품에 다 붙어 있습니다.꼭 확인해보시길,0
넘좋아요 갈라져서 교체했는데 넘 맘에들어요,1
제껀 진공이 풀려서 도착했지만 맛은 아주 맛있어요!!! 또 살꼬임,1
좋은제품 잘샀어요 좋아요좋아요,1
배송이 3일인가 걸린거 같은데 그때 너무 익은건지 딱딱이가 아니라 물생길정도로 익엇어요ㅠ그래도 맛잇게 먹을께요,0
의자등받이가부러졌어요.보통체격(고1~63kg)학생인데요.편하긴한데생각보다약하듯요.이럴땐반품도심들고..ㅠ,0
나사 총8개로 고정시키는데 균형맞춰가면서하는데도 나사 엄청안들어감 결국 나사 야마나고 여분 나사도없음 높이 안맞고. 전동드릴없으면 구매하시지마시길 손에 물집 잡힘 차라리 못박는게 훨나을듯,0
모양은 이쁜데 향지속력이 너무 떨어져요,0
냄새가 많이 남.,0
너무퍼석하고먹을때마다부서지면서 가루가많이떨어져서지저분해지네요 맛도좀그렇구요,0
석류향을 산 줄 알았는데 ㅈㅔ가 복뚱아 향을 샀군요.. 그와중에 로즈향이 왔어요ㅋㅋㅋ ㅋㅋ ㅋ ㅋㅋㅋ 잘 쓸게요,1
박스가 찌그러져서 왔어ㅛㅇ,0
저렴한 가격에 질 좋은 품질 구입했습니다!!,1
"제품은 그렇다치고, 택배 박스의 악취가 진짜 상상초월이네요. 마치 꿉꿉한 지하창고에서 몇년 썩었다가 나온듯한 눅눅한 박스 상태랄까요? 이런 냄새는 태어나서 처음이에요; 2시간째 집 내에서 냄새가 안빠져요..무슨 이런 박스로 기분나쁜..",0
천정에 고정할 수있는 피스나 바가 동봉되어 있지 않으니 아무것도 없는 곳에 등을 설치하는 분들은 피스등을 미리 준비해야 설치됩니다.,0
페어링은 잘 되는데 너무 끊기네요. 음질도 안좋고.. 소리설정도 블루투스로 했는데말이죠 ㅠ,0
"좋아요^^ 두번째 구매입니다, 저번에 비해 이번에는 한개가 상태 불량 이었지만, 날씨 탓 으로 그러려니 하구요 어머니가 너무 좋아하시네요^^ 세번째도 구매 또 할게요~~",1
작다고해서 크게 샀는데 생각보다 커요 착용감도 편해요,1
색상이 막상 촌스롭고. 내부에 재질이 너무저렴해보였어요,0
대부분 다 좋은데 움직일때 소리가 나서 조금 신경쓰입니다...,0
배송도 빠르고 모양도 좋아요!!,1
재구매 몇차례 주문해서 쓰고있는데 이번이 마지막이 될거같네요.택배기사님 화장지박스를 현관앞도 아니고 계단중단에 던져놓고 갔어요.정말 어이가 없어서...,0
헐~~~이거 어떡해먹져? 여러번헹구고 끓여서먹으려는데 너무하네요 모래가 가득하네요,0
표면이 울퉁불퉁해서 패인곳으로 약재가 끼네요,0
말이필요없습니다 너무 조ㅗ아요,1
자극 하나 없이 정말 순수한 샴푸입니다 전혀 안 따갑네요 아무래도 좋은 원료로 만든 덕분인 거 같아요 앞으로도 더 꾸준히 잘 쓸 거 같아요,1
세일 세일 한대서 샀는데 벽지가 너무 울퉁불퉁 티나요. 요즘 어디서도 이런 벽지 본 적이 없는 걱같은데 ㅜㅜ하,0
캐릭터가 넘 귀엽고 진동을 신기해해요,1
재구매 애기가 3년째 먹고 있는데 상하우유를 제일 좋아해요,1
배송도빠루구 옷도너무이쁩니다,1
잘쓸게요 넘 이뻐요 좋아요,1
색도 이쁘고 너무 맘에 들어요! 설치해주시는분도 좋았어요,1
생강들이 크고 싱싱합니다 생강청용으로 구입했는데 즙도 많이 나왔어요 사은품도 챙겨주시고 감사합니다,1
저기요...다터져서왔어요 ㅡㅡ 여기서 다신 안시켜먹어요 너무하네요증말,0
맛잇어요 나중에 또 구매할게요,1
생각보다 얇고 밟을때마다 푹들어가는 느낌에 단단함이 전혀없어요,0
저렴한가격에 좋은 상품을 받았네요^^,1
배성중 파손 되었습니다,0
가격행사를안해아쉽고 생각보다진하지가않아요,0
재구매 2단 3단 구매했는데 2단이 불량이네요,0
배송 기사님이 약간 문제가 발생해서 하루 늦게 받았는데 그래도 싱싱합니다. 또 주문할게요. 판매자님 매우 친절하시네요~,1
통삼중인지 확실치가 않아서 열전달이 고른지를 몰겠다,0
Mini 5pin 2개구매했는데 1개는 micro5pin왔네요 그리고 제꺼 외장하드는 호환이안돼요 불은 들어오는 실행안돼요 그래서 지인한테 mini 5pin구해서 연결하니잘됨 이건참 너무하네 반품하려다 걍 휴지통에버림,0
이거 불량품인지 뚜껑이 아무리 눌러도 안열리네요 ㅠㅠ 손 빨개지고 난리나서 다른 리무버 썼네요... 써봐야 어떤지 알 수 있는데 뚜껑이 전혀 안열려요 눌러서 힘줘도 안열리고 소리만 나고 이거 불량인지...?,0
수박빼고~아기가잘 물어서 좋아요,1
재구매 반찬마다 리뷰작성하는건 번거롭네요. ;;,1
"기계코통을 할게아니라 손코팅지로 주문했구요. A4(100매)! 손코팅지 써봐서 사용감은 아는부분이고, 패션쪽으로 관심이많아서 스크랩할때 쓰려고 주문했어요. 저번주에 다써버려서! 배송이 빨리 되서 좋네요^^",1
재구매 너무 예뽕요오오요~~,1
주문하고 물품받기까지 좀걸렸는데 전자렌지 좋아요 시크하고 세련됐네요,1
사용해보니 기스가 잘남 ㅠㅠ,0
신발보관 할려고 구입했습니다. 신발한족당 한개씩 넣어뒀어요. 습기 걱정이 사라져서 좋습니다ㅎㅎ,1
컴퓨터 버벅거리는게 사라졌어요... 배송도 빨라서 좋았구요,1
"착용감도 편하고, 가성비 좋아요. 수고하세요.",1
아이폰 배터리는 잘 배송 왔지만... 하단 별나사 추가로 시킨걸 잘못 보내주셨네요. 덕분에 보내주신 나사로 꼈다가... 나사 헛돌기만 하고 지금 빠지지도 않고 있습니다. 나사 제거가 안되니 정말 난감한 상황이네요.,0
두달 됐는데 썩은 고무냄새가 안빠지네요. 최악의ㅜ덤벨임,0
무게감 별로없음 착용감 좋음 마무리 별로임 고리 돋 떨어질듯. 총평 오래 못갈듯 .. .,0
사진보다 안예뻐요..,0
재구매 배송빠르고 너무 맛있어용~,1
재구매 이메뉴를 팔아보자고 조언을해주시고 매장을 떠나간 누나 그립읍니다..흑흑,1
예쁘고 좋아요 만족합니디,1
한번 사용하고 손잡이가 떨어졌습니다. 좀도 내구성 있게 만드셔야 할듯요,0
발이 많이 아파요ㅠㅠ 그리고 저는 카드지갑도 못받았는데요..ㅠㅠ,0
진자 파는 것 같은 흑당 버블티가 됩니다. 전자렌지에 3분 정도면 다 해동되어서 너무 편리해요^^,1
박스가 작고 가벼워서 잘못왔나했는데 풀어보니 가방이 들어있었어요 17.3인치 노트북도 넉넉하게 들어가요 마음에듭니다,1
김서림 방지인데 김서리네요 안경으로 눌러써도 서리네요 이 가격에 다른 제품 알아보세요,0
엉덩이가 말려 올라가서 불편합니다 와이존에 팬티가 껴서 계속 손으로 빼줘야 하고 불편하네요 뱃살은 받처줘서 좋은데 다런부분은 불편해요,0
배송이 빠르네요 피부과에서 사용해 보고 구매했어요,1
비싸도 속는셈치고 샀는데 효과가없어요 조카가 끈적이기만 하고 계속간지럽다고 뿌리지말래요ㅋㅋㅋ 아주 벅벅긁네요,0
나도 클겨좀 되보자 하는 마음에 샀는데 겨드랑이는 효과 하나도 없구요 다른데는 안써봐서 모르겠는데 효과 하나도 없고 오히려 문지르느라 상처만 생겨서 따가워졌네요 별로에요,0
반품하고 싶은데 귀찮고 싸서 샀는데 역시네요 나가서 직접 보고 다른거로 구매해야겠어요,0
정사이즈 주문했는데 제가 허리가 약해서 살짝 커긴한데 엉덩이 부분이 맞아요,1
냄새 나는거 빼고는 다 좋습니다,1
작고 괜찮아보이네요,1
"쌀밥을 자주해먹지않아서 몇번 쓰지도않았는데 코팅이볏겨지려는지 내부에흠집이났어요,,,, 코팅벗겨지면 유해물질나오는건아닌지,,, 찜찜하네요",0
구매 패이지의 사진과 상품과 용량이 다른듯 합니다 전확한 사빈을 올려주셔서 혼동이 없게 해 주세요,0
신선하게 살아서왔더라고용,1
소리가 이뽀요 소리도 이뻐요,1
강아지가 똥을 잘싸요 정말 두마리라 60포 한달이면 다먹어요,1
평이 많아 기대했는데 제입엔 아니네요,0
그냥 일반 수납장으로 살까 고민하다가 구매했는데 문안쪽에 수납공간이 또 있어서 자잘한게 많은 주방특성상 이걸로 구매하길잘한거같아요~ 유용하게 잘쓸께요~~,1
앙고라처럼 털이 계속나와요 심해서 못쓰고있어요 모달이불이 이런 천인지 몰랐네요 이불 두개구매했는데 다 안쓰고 있네요 먼지너무심해요,0
포장이 깔끔해서 선물용으로 좋네요~,1
용량이 커서 너무 좋아요 ~ 핸드폰에 용량꽉차서 사진이랑 동영상 다 넣었는데 엄청 많이 남는 용량에 너무너무너무 좋아요 ㅎㅎ,1
배달이 잘못갔어요 택배 분실이요,0
배송사 좀 바꾸시길,0
폰에 맞는 크기가 아니네요 폰 화면보다 너무 적어요 맞게 온건지 기종 표시가 없어서 확인불가,0
닝닝한것이 김빠진 참이슬같아요ㅜㅜ,0
좋은지 나쁜지 모르겠어요 효과없어서 다른거로 갈아탓네요,0
약품통으로 쓰려고 주문했는데 적당한 사이즈에 높이라서 깔끔하게 정리되어 좋습니다!,1
"가슴모양 상관없이 납작하게 압박은 되는데, 입고벗기가 불편해서 손이 안가요~ 가슴쪽이 울퉁불퉁 해지니 이거하고 붙는건 못입어요~",0
"배송도 빨랐고, 맛도 맜있습니다~~~!!",1
재구매 배송이 빠릅니다ㅡㅋ,1
맛있어요 오자마자 쪄서 먹었는데 맛있다고...다들 잘먹네요 다먹고 또 주문할께요,1
생각보다 너무커서 부담스러워요ㅠㅠ,0
넘 크더라구요 .. 목감기나 이럴땐 걸릴것 같애요,0
잘 모르겠어요 기능성인지 그리고 실밥이 너무 지저분하네요 국내생산이라도 안깔끔한것도 았네요,0
재구매 저번에 1개 구매했는데 또 구매했어욤! 첫날에 시원하다고 엄청했다가 멍들어서.. 한 일주일 고생했는뎅ㅋㅋ 좋긴좋아요! 판매자님도 엄청 친절하시고! 함께 온 설명서 보고 종아리 알 말고 다른부위 마사지랑 스트레칭 하는것도 좋겠어요~ 감사해요!,1
역시 ts샴푸입니당 민감한 두피에 좋아요 다를건 못 쓰겠어요,1
송료비 주고도 교환하는데 반품 물건 받고 보내겠다고... 1일 주문 교환품 13일 도착...,0
맛있게잘먹었어용ㅋ,1
재구매 빠른 배송 감사합니다(:,1
비추입니다..잘고정되지 않고 장착해도 별 쓰이질 않네요,0
빨았을때 이염 있어요.. 반품할려다 그냥써요 박스를버려서...,0
몇달전에 구입하고 이번에 선물용으로 구입을 했는데 상호명도 틀리고 포장색깔도 틀리고 꺼림칙하네요~ 물외가 길이도 짧고 작은것 같아서 찜찜합니다,0
"전반적으로 만족합니다! 달지 않은사탕을 찾았는데 생각보다는 조금 달아요,ㅋㅋ",1
불편합니다 너무 작아서 일반라면 끓이는 것은 불가능하고 컵라면 작은것 끓이기에 적당한 크기입니다. 플라스틱부분은 그냥 빠지는 구조라 조금 위험해 보입니다.,0
엄마랑 함께 사용했어요 여행때 아기있어서 휴대폰 찾기 힘들었는데 잘사용했어요 배송 빠르도 불량 없고 만족합니다,1
재구매 조아요 조아요 조아요,1
재구매 물건이.. 날이 갈수록 쌓여가는데도 튼튼하게 보관해주고있습니다. 정말 추천해요! 일터에서도 사용하고싶어요~,1
일단 낙지가 싱싱해서 너무좋았어요 열마리시켯는데 어른5명이서 배터지도록 다먹엇네요 ㅎㅎ 일요일새벽에 시켜서 화요일날까지 배송해달라고햇는데 엄청빨리해주시고👍🏻 다음에 꼭 다시시켜먹을께요 ㅎㅎ 아참 사진은 먹느라바빠서 못찍엇네요 😅,1
생각보다 작고 탄탄하지 않게 말려 있네요...,0
맛은 있는데 아이들이 먹기에 좀 매운거 같아요.. 무난하게 잘먹었어요,1
항상 애용하고잇음,1
싸게 잘샀어요. 구수하고 맛있어요,1
스킨색 주문했는데 블랙으로 오배송 되었네요 반품하기 귀찮아 그냥 입어요,0
소분50g에는 유통기한이 없네요 일단 잘먹는지 안먹는지 확인차 구매한거라 얼릉 먹여봐야겠네요,1
완전 별로 실측보다 작은 느낌이고 마무리 엉망 이 가격에 퀄리티 따지는게 우스운 일이긴 하지만 돈 버린거 같음,0
드디어받았네요 배송 똥망 진짜 후... ㅡㅡ 심지어 상품이 찍히고 벗겨지고 아빡쳨.... 모서리는 흉기네요 칼처럼 날카롭군요 또 언제올지 몰라 무서우니 걍 쓸게요 ㅡㅡ,0
생리시작하면 입어보려고요,1
후기보고 구매했는데. 잘되기를 기대해봅니다. 근데 led온도 디스플레이 부분이 새제품인데도 기스가 있네요.,0
신랑이디자인도맘에든다고좋다고하네요~잘입을께요,1
물건이 녹아있어요원래가루아니었나요?,0
"야간모드, 주간모드 모두 잘 되네요. 매우 만족합니다.",1
깔끔하네요 만족합니다이정도가격에 이거면,1
열었더니국물줄줄세고 제대로 포장도 안돼있고 실망이에요,0
고기가 너무 찔겨여 ㅠㅠ,0
애들좋아해요 발싸이즈조절기능도있으니 2년정도는신걸듯,1
가성비 갑 벌써 여러번 구매하고 있는중입니다.,1
배송이 빨라서 아기 아빠 생일에 잘 썼어요~ 깜짝 이벤트 성공했네요~~~,1
지금 입기에 딱좋은거같아요,1
항상 쓰는제품 넉넉하고 저렴해요 좋아요 또구매하러올게요ㅋㅋ,1
오전에 구입했더니 다음날 바로왔습니다. 배송빠르고 제품 좋네요 덕분에 여행가서 잘 썼습니다.,1
재구매 좋아요 좋아요 저렴하게 구입했어요,1
한달 넘게 쓰고 있는데 모기한마리도 못잡네요 별 하나 주기도 아깝네요 과장광고 너무 심하네요 불빛은 너무 쎄고 소음은 조금 있고 모기는 잡지도 못하고,0
뚜껑이 허술하고 작습니다. 제대로 닫히지가 않네요,0
꼭 효과가 좋았으면 좋겟네요 ㅎㅎ,1
디자인이나 색상은 그러저럭인데 소재가 별로네요. 다시 사진 않을듯 싶네요,0
섬유유연제는 아직 안써봤지만 향은 좋은거 같구 세제는 세정력이 좋더라구요 소량만 써도 잘 지워져서 만족합니다,1
배송도 빨랐고 사용법도 간단해서 좋았는데 색상을 한가지로만 보낸게 좀 아쉽네요.,1
완전별로 물 전혀 안짜지고.. 손으로 짜서 붙여도 흥건,0
만들기 편리합니다..,0
바르고 나서 더 많이 났어요,0
사진 왼쪽 본제품. 오른쪽 인케이스꺼 인케이스 제품을 썼는데 단종되어 구매하게 되어요. 인케이스 제품 보다 더 좋네요~ 만족쓰,1
그저 그렇습니다 다른걸로 구매했네요,0
그냥 저냥 이네요 ㅎㅎ 가격,0
좋아요 종아리가 시원해요,1
저에겐 안맞는옷 사진으론 이쁜뎁,0
저렴하고 배송도 빠르고 한데 문한짝이 살짝 휘어 있네요~ㅜㅜ 교환하고 반품하기 귀찮아서 그냥 씁니다~그외에는 아주 만족합니다,1
2장구매후부착했는데모두실패 너무어려워 돈만날렸네ㅠㅠ,0
일단기존에 있던 사료에 비해 냄새나 맛은 양이가 말안해서 모르겠지만 줘도 거들떠보지 않는걸로 봐서 냄새나 맛은 별루일거라고 생각됨 처리하기 난감함.... 질보다 양으로 승부하면 망함!,0
이불소독이나 방향위주로 사용했어요. 다른 제품도 사보고싶어요,1
재구매 잘쓰고 있어서 재구매합니다,1
좋 습니다 잘쓰겠습니다,0
가격도 저렴하고 여러개 구입하여 옷정리하였더니 깔끔하고 좋아요. 어깨가 두껍지도 얇지도 않으니 자리도 많이 차지하지않고 지ㅡㅎ네요,1
"흡수력은 괜찮은데, 생각보다 때가 잘 안지워져요~",0
며칠 신었는데 발 뒤꿈치가 엄청 아프고요 특히 흰양말에 신었더니 구두 안쪽에서 검정색으로 양말 물들었습니다ㅡㅡ 구두안쪽에 왜 색감이 빠지나요??,0
자크부분이 에러,0
조립도 못하고 반품도 안되고 ㅠㅠ 방치중이네요...,0
스펙트라s2유축기에 맞지않않습니다,0
가격 저렴하고 맛도 좋고 전부 만족합니다,1
이쁘고 깔끔하고 좋네요! 같은 제품인지 비슷한 제품인지 롯X백화점에 12만원에 판매되고 있더라구요~ 저렴하게 잘 구매했네요!,1
169인데 짧아요ㅜㅜ 사이즈 추천 받아서 라지로 샀는데도 좀 짧네용 들어있는 패드는 모양이 안예뻐서 빼구 접착식 패드 붙였더니 훨씬 나아요! 흉곽이 넓고 새가슴이라 한번꼬아서 홀터로 입는데 더 나았어요 약간으ㅣ 단점에도 불구하고 가격대비 넘 좋아요,1
현미쌀인데 일반 흰쌀처럼 밥해도 찰지고 맛있어 정말 신기해요. 진짜 현미쌀인지 의심될정도로 맛있네요. 가격도 만족~~건강에도 좋겠죠? 이젠 이쌀만 먹을거예요..,1
포장도 꼼꼼히 잘 해주시고 마라샹궈 해 먹었는데 너무 맛있습니다 ㅜㅜㅜ,1
좋아요 아주 만족 재구매의사있오요,1
만족. 설 선물로 몇박스 구입하였음,1
잘먹이겟습니다~~~~~~,0
칫솔길이에 상관없이 수납할수 있어 편리합니다.,1
높이가 생각보다 짧고 사이즈 잘맞추지 않으면 그냥 사용하기는 힘들어요,0
받아보고 놀랬어요 벗겨진게 너무 심해서ㅠ누가 쓰던거마냥..상태가 안좋아요,0
가볍고 편안하게 잘 입을것 같아요~,1
아기가 사용하기 괜찮아서 하나 더 주문했어요,1
작은것 하나 먹고 재봤는데 통 무게포함 500그램이네요?? 용량 넉넉히 주시는게 아니네요. 맛은 보통 이하에요.,1
편리하내여,1
배송비는 따로 받으시고 묶음배송..,0
편하긴한데 가격대비 좀 저렴해보여서 반품 고민하다가 귀찮아서 그냥 신어요~ 발은 진짜 편해요~ 깔창주셔서 사이즈 딱 좋아요,1
잘 받았습니다 일단 써보고 리뷰 수정할게요,1
그냥 입고 있어요~~~,0
네번째 구매입니다. 태열이나 아이 발진에 딱이예요,1
재구매 쇼핑몰 사진상으로는 싱싱하고 좋으나 실제로 받은 새우는 수염이 하나도 없고 새우 입부분이 잘라져 있어요. 냉동한지 꽤 오래된 것으로 보입니다.,0
지난번보다 단맛이 나고 효과도 덜한것 같은 느낌~~,0
식기세척기 건조기능이 향상되는건지 잘은 모르겠지만 깨끗해지는거 같기하네요!!!!,1
"수동이라 괜찮을까 했는데 아이가 잘 앉아요 처음에는 내려놓으면 우는데 좀 지나면 잘 있어요 스르르 잠도 혼자 들고, 응아도 잘 보구요 둘째라 대여한건데 첫째도 좋아해서 구입해야하나 싶어요 메쉬로 잘못 주문해서 좀 아쉬워요",1
월욜에 주문하고 화욜에 받아서 배송은 엄청 빨라서 좋았는데 텐트 전체적으로 검정색 점들이 있네요 선물로 준건데 친구가 그냥 쓴다고 해서 교환은 안하는데 다음엔 검수를 더 하셔서 출고 하셔야될꺼 같네요,0
배송은 쏘쏘 머리빗으니 아퍼요 ㅠㅠ 아깝네요,0
구달 청귤 잡티세럼 소문으로 좋다고 들어서 한번 사봤는데 좀 더 사용해봐야지 알 수 있을 거 같아요,1
안경이 약간 어지럽네요. 저는 안경알 빼고 사용하고있어요,1
넘 좋아요ㅠㅠ 부들부들하고 폭신해요,1
일단 써볼게요 !!,1
한번쓰고 아직 안썼음,1
불발탄이네요 돈은 돈데로 주고 소방 훈련시 불발되어 사용도 못했네요.,0
제품 잘못와서 반송후 받았네요 제발 좀 주문서 확인 하시고 보내주세요,0
배송도 빠르고 저는 벌써 두통째 구매해서 잘 쓰고 있어요!!,1
늘사용하던거라 그닥...잘 쓰고 있습니다,0
재구매 매번 주문합니다 빠른배송 감사합니다,1
속지는처음 사보는데 잘 쓰겟습니다,1
맛이 아주좋아요!ㅎ,1
바느질 정말 엉망이예요 반품귀찮아서 그냥씁니다,0
우선은 돈주고 샀으닌까 붙이기는 하는데 접착성은 제로다 필름이 따로논다 기포 생겼다고 기포빼면 필름이 밀린다 그럼 그냥 버리는 것이다 붙여본 사람들은 먼지 알것이다 이해할것이다,0
하자 진짜 많고요 서랍이 닫았을때 덜 닫힌 곳도 있고 고르지가 않네요 교환 받고 싶은데 서랍을 무나해서 양말 넣을곳이 없어서 그냥 씁니다 기분 안 좋네요,0
너무 작아요. 결국 아깝게 버렸어요.,0
윈도10은 불안정합니다. 요즘 다 윈10쓰는데 표시좀 크게 해놓지 개같네요,0
이 팩 시간 덜어줘서 너무 좋아요 탈색모였는대 매일 썼는데 미용실에서 관리 잘했다고 칭찬 들었어요^^,1
편해서 다른 색도 구매하고 싶네요,1
"좋아요 쓰리엠 초강력 아크릴 양면테이프 구입햇습니다.빠른배송 감사드리구요,한번사면 오래써서 좋네요. 양이 많아서 좋습니다.",1
펄럭이네요 태극기 마냥,0
정말마음에들어요 열심히공부해야겠네요,1
콜라 사이다 두가지 주문했는데 다 사이다로 왔어요 금액이 같아 반품은 안하는데 주문확인하고 보내주세요,0
"너무 잘 늘어나네요 어깨끈도 너무 잘 빠지고 색도 잘 빠집니다,,재구매는 별로네요",0
닭고기들어간거는 닭 비린내가 나서 안먹어요. 제가 냄새에 예민해서 그런가했는데 아기도 닭고기들어간거만 안먹으려고하더라구요..,0
"두 사이즈 주문했어요. 밑에 햐얀판을 판판히 대고 토끼털이 달려있어야 하는데.. 접혀 쭈그러진 곳이 한 사이즈 씩 꼭 있네요. 배송비 3000원이나 주고 샀는데, 이럴 줄 알았으면 동네 근처에서 그냥 살껄 그랬어요.",0
아직 크림에 사용해보진 않았습니다. 생각보다 무겁습니다. 주문한 후에야 비싸단 생각이 들었습니다.,0
재구매 고무줄 삭아서 또 삼,0
암막아이보리주문했는데 암막 그레이가왔네요 귀찮아서그냥쓰긴하겠는데 재고가없던건지 주문확인좀하고보내세요,0
"재구매구요 포장, 맛 굿입니다 ~!!",1
잘 먹고 있습니다 보관이 용이하고 만족합니다,1
씨알이너무작아요.실망스럽네요.,0
뭘까.. 스프라이트도 싼티.. 바지 핏도 셔츠 핏도 이건 뭔가 싶음.... 걍 중국직구 잘못 산 느낌;;,0
붙이기 너무 힘들고 무거운 자석은 안붙어요 돈 더주고 맘*보드 사세요,0
라지샀는데 너무 작아서 6학년 조카줬네요 상의 길이가 너무 짧아서 순간 아동용을 잘못샀나 했네요..배송도 너무느리고 수면안대는 글이 거꾸로 박혀있고 가격대비 너무 안좋습니다.,0
배송도 빠르고 포장도 이쁘게 잘옵니다. 굿,1
약병 씻을 솔 찾다가 완전 안성맞춤ㅇ네요,1
여름에 인견반팔만 입는대... 부드럽긴 한대 사이즈가 살짝 작은거 같고 (팔움직이는데 살짝 거슬리네요) 면 가공도 메쉬비스므래 하게 생긴게 아니라 일반 면처럼 되있네요,0
꾸준히 써 볼려고 계속 사용하고 있네요,1
와우 저는 1월말에 5900원에샀는데 한달만에 가격이 2배가되는 기적!,0
소재도 쫀쫀하고 이음선에 박음질이되어있어 튼튼해보입니다^^색깔도예쁘고 배송도 빨랐어요~잘입을게요,1
아직 어렵네요 계속 연습해봐야 알겠어요,0
재구매 집에서 담가먹는 맛이예요. 공장김치도 좋아하는 편인데 이건 차원이 다르게 맛있예요^-^,1
중형으로 구매 했는데 사이즈도좋고 촉감 넘나 보들하네요 짱,1
포장잘되서 왔어요. 맵긴매워요,1
정말 작습니다...,0
2개를 구입했는데 연결되지가 않네요. 색상도 배송이 잘못되서 오고해서 다시 배송받았어요,0
사진보다는 조금 덜 이쁜데 나름 만족합니다. 주문하고 딱 2주만에 받았구요. 옷방이 환해 보이네여~,1
사이즈가좋아요 12월 출산예정이라 빨래해서 넣어놨어요,1
여행가서 잘 사용하고 왔어요,1
받침대 부분이 높이가 안맞아 앞뒤로 흔들려 불안합니다. 가격이 저렴한만큼 QC는 기대 이하네요,0
"제품을 몇번 사용했는데, 피부톤도 밝아지고 촉촉함이 유지되어서 좋아요~~",1
배송도 아주 빠르구요. 선물할거라 아직 신어보진 않았지만 잘 맞을거 같고 너무 이쁘네요.,1
선물할건데 아직 입혀보지 못해서 리뷰 못쓰겠네요. 배송 너무 빠르고 판매자님 너무 친절해서 좋았어요👍👍,1
아이들이 맛있다고해요~,1
추천으로 산건데 맛도 좋고 양도 그리 많지 않고 적당해요 점심으로 먹기 맛있고 좋아요,1
꼼꼼하게 포장되서 왔구 싱싱하고 좋네요!,1
ㅠ 여러개 타입별로샀는데 호환안되어요,0
좋습니다..튼튼함.,1
무게감이 있지만 가격대비 만족합니다.,1
그냥 허접합니다 색종이로 만든것 같은...,0
상담은 친절하신데 바람 세기라던지 마감이라던지 제품은 좀 별로였어요 ㅜ 결국 다른걸로 사게됐어요.. 일단 주문한건 다른 분 드리려고합니다,0
상품은 만족이나 배송은 정말 오래걸리네요,0
너무 꽉 끼어요 체격이 큰 분들은 사용하기 어렵습니다,0
솔직히.. 살짝 진한 기스는 안지워 져요.. 타이어 자국은 지워지구요,0
여긴 빨리도착 다른곳은 아직도안옴,1
배송도 빠르고 제품도 깔끔하고 잘써볼께요~~*,1
진작에 알아보고 구매했어야되는데 지금이라도 열심히 복용하렵니다,1
따뜻하고 좋아요. 사용하기 편해요.,1
친구생일선물로 샀는데 좋아합니다,1
못입고 쳐박아둡니다. 이건.... 몇번만 입으면 늘어지고 라인도 안나오고..ㅜㅜ 마감도 엉망에... 대실망입니다. 저렴하게 사려면 백화점 매대 할인상품으로 사는게 현명할듯요.,0
복원력이 많이 아쉽네여.. 엉덩이 부분이 푹 꺼져서 그대로에요..,0
접착력 없는 것을 원했는데 잘 옷 샀네요,0
전구보다 밝고 좋아요,1
정상적인거제대로왔네요,1
배송빨랐고요. 케이스 장착 했을때밀리거나 하지 않고 잘 맞았습니다. 첨에 기포가 조금 있었는데 잘 눌러 붙이고 하루정도 지나니 깔끔하게 다 붙었습니다,1
재구매 최악의 쇼핑몰 배송파손관리안됨 물건받을려면 파손반송각오하고 언제받을지 알수없음,0
누래지는 재질이 아니고 튼튼한 플라스틱이라 좋아요~뒷판의 반짝이는 보라색이 케이스에 가려서 아쉬웠는데 이거 끼우니까 반짝거림이 잘 보여서 넘 이쁘네요~테두리 부분은 약간 범퍼처리 되어있어서 그립감도 좋아요,1
감사합니다 잘 받았고 응대도 너무 좋았습니다!,1
10분 늦었는데 꽃을 밖에 놓고 찾아가라고 하셔서 조금 기분이 안 좋았습니다,0
거실 커튼 달려고 샀어요 ㅎㅎㅎ 깔끔하고 좋아요,1
실내 방에 창문을 열고 분사했으나 페인트 냄새가 났어요 ㅜㅜ,0
다 깨져서 와서 바로 쓰레기통으로갔어요 진짜 귀찮아서 반품도 안해요 너무하네요,0
액정에 자국이 너무 많이 생기고 제폰 XS MAX랑은 잘 안 맞는것 같네요.,0
왠만한 래쉬가드는 너무 타이트해서 부담스러웠는데 이건 넉넉해서 뱃살도 가려주고 좋네요 사이즈 크게 주문 안해도 될거 같아요,1
ㅋ 싸고 좋은데 좀 녹아 내리네요.. 잘 안굳어요 ㅋㅋ 그거말고 좋아요 싸게 써보기 굳 좋아요,1
콩맛도좋구상하거도없이좋으네요^^밥맛도더좋아요,1
빠른 배송으로 주말 시공이 가는 했습니다. 색상도 깔끔하였습니다.,1
배송 최악이네요 열어보니 열린 물티슈는 두개에다가 배송박스 모양이 특이해서 세워져서 배송되서 그런지 하나는 아예 캡이 뜯겨버리고 밑에있는 물티슈 두개도 비닐이 달라붙고 서로 난리네요 사진은 배송온 상태 그대로 열자마자 찍은거에요,0
한 달 넘게 착용하고 있습니다. 큐빅이 떨어진다거나 열고 닫는 부분이 헐거워지는 등 문제점 없이 처음 상태 그대로 예쁘게 끼고 다니고 있어요!,1
잘산거같아요 가격이저렴해서여기서구입했어요.여러가지구입해서친구들이랑나눠가졌는데색상이다이쁘네요.코드그리기도한결편해졌어요,1
부피도 많이차지하질 않고 좋아요.,1
실이 부드럽고 잘 풀어지지 않아서 좋습니다! 만족합니다 또 구매하려고 합니다 ㅎㅎ ㅎㅎ,1
재구매 맛있는데 비싸긴하네요,1
저희 낭편한테 선물로 주었어요.,1
함께 주문한 sata캐이블 대신 하드케이스인지 뭔지가 안내도 없이 배송되었고 결국 반송했더니 부분결제 취소해버리네요.,0
사용하다보니 딱히 좋은걸 못느껴서 팔아버리고 아이패드로 갈아탔습니다 가벼운것좋고 화면큰것도좋은데..참 애매하네요 그럼 수고하세요,0
중기먹는 7개월아기가 먹기엔 너무 묽어요 그리고 맛이 하나라서 난중에 9갤되믄 시켜야겠어요~,1
조금 작다 평있어서 정사이즈 큰사이즈 샀는데 정사이즈가 나아요,1
재구매 배송이 너무너무 느려요,0
